CORRELA_16,variable,n,candidatos_iqr,pct_candidatos,min,p5,q1,mediana,q3,p95,max,iqr,mad,limite_inf,limite_sup
4711-472,CIMREP,827,4,0.4836759371221282,0.0,0.0,0.0,0.0,0.0,0.0,4850176.333,0.0,0.0,0.0,0.0
4711-472,BRUTA,827,108,13.05925030229746,-7456228.0,19289.200000000008,651338.5,1450363.0,3588427.0,20647496.9,2007621605.0,2937088.5,1000682.0,-3754294.25,7994059.75
4711-472,CONSUI,827,113,13.663845223700122,0.0,7450.400000000018,146396.75,392510.0,1033261.75,6772826.949999992,969638853.5,886865.0,298840.0,-1183900.75,2363559.25
4711-472,GAS,827,148,17.896009673518744,0.0,0.0,0.0,0.0,788.5,27276.99999999992,1789234.333,788.5,0.0,-1182.75,1971.25
4711-472,EMPAQUE,827,111,13.422007255139057,0.0,0.0,0.0,6051.0,41239.0,505252.89999999944,9680665.0,41239.0,6051.0,-61858.5,103097.5
4711-472,HONORA,827,97,11.729141475211609,0.0,0.0,10910.5,27840.0,79859.5,443194.1999999983,30007685.67,68949.0,24869.0,-92513.0,183283.0
4711-472,COMISION,827,104,12.575574365175333,0.0,0.0,0.0,0.0,0.0,62310.59999999992,8742789.0,0.0,0.0,0.0,0.0
4711-472,ARRIENDO,827,101,12.212817412333736,0.0,0.0,3920.0,56000.0,198754.0,1819248.4999999949,127054655.3,194834.0,56000.0,-288331.0,491005.0
4711-472,SEGURO,827,81,9.794437726723096,0.0,0.0,0.0,7609.0,29271.0,118186.99999999981,13261257.33,29271.0,7609.0,-43906.5,73177.5
4711-472,ASEO,827,133,16.08222490931076,0.0,0.0,0.0,3296.0,14650.5,226835.49999999924,66030045.0,14650.5,3296.0,-21975.75,36626.25
4711-472,ENERGIA,827,105,12.696493349455865,0.0,1.0,27491.5,72091.0,221289.5,1401671.2999999968,187372126.7,193798.0,59533.0,-263205.5,511986.5
4711-472,COMUNICA,827,89,10.761789600967353,0.0,0.0,2237.0,5520.0,14580.5,73288.69999999985,16083383.0,12343.5,4070.0,-16278.25,33095.75
4711-472,PUBLICO,827,94,11.366384522370012,0.0,1.0,1941.0,5179.0,14065.5,83026.89999999956,4794876.667,12124.5,3964.0,-16245.75,32252.25
4711-472,FLETES,827,128,15.477629987908102,0.0,0.0,0.0,6942.0,71745.5,687375.1999999956,110481085.7,71745.5,6942.0,-107618.25,179363.75
4711-472,PUBLICI,827,134,16.203143893591292,0.0,0.0,0.0,1000.0,12136.5,243269.49999999956,49106156.67,12136.5,1000.0,-18204.75,30341.25
4711-472,ADECUA,827,115,13.905683192261185,0.0,0.0,3049.5,21696.0,82666.5,818608.5999999994,53643951.33,79617.0,21696.0,-116376.0,202092.0
4711-472,REGALA,827,68,8.222490931076178,0.0,0.0,0.0,0.0,0.0,769.6999999999986,452810.0,0.0,0.0,0.0,0.0
4711-472,OUTSOURCING,827,84,10.157194679564691,0.0,0.0,0.0,0.0,0.0,55900.39999999961,21861000.0,0.0,0.0,0.0,0.0
4711-472,OTROS,827,112,13.54292623941959,0.0,0.0,3327.0,17923.5,73528.25,571909.2999999995,96078746.67,70201.25,17703.0,-101974.875,178830.125
4711-472,SUELDOS,827,113,13.663845223700122,0.0,0.0,189277.0,417846.0,893588.5,5587415.89999999,405272783.7,704311.5,270463.0,-867190.25,1950055.75
4711-472,PRESTAC,827,120,14.510278113663846,0.0,0.0,76792.5,174937.0,353942.5,2228745.099999999,161099796.3,277150.0,113198.0,-338932.5,769667.5
4711-472,VENTA,827,97,11.729141475211609,0.0,325139.00000000163,4200068.5355,9946978.0,24090703.994999997,132991045.9099999,11812574452.0,19890635.459499996,7018220.0,-25635884.65374999,53926657.18424999
4711-472,AGREGA,827,101,12.212817412333736,-9690065.0,0.0,434211.75,983669.5,2523400.25,13987608.249999922,1037982751.0,2089188.5,710909.5,-2699571.0,5657183.0
4711-472,PERREMUN,827,119,14.389359129383314,0.0,0.0,10.0,21.0,43.0,257.69999999999993,13022.0,33.0,13.0,-39.5,92.5
4711-472,SOCIOS,827,34,4.111245465538089,0.0,0.0,0.0,0.0,1.0,2.0,10.0,1.0,0.0,-1.5,2.5
4711-472,PERSONOM,827,98,11.85006045949214,0.0,0.0,2.0,13.0,29.0,167.39999999999986,12919.66667,27.0,13.0,-38.5,69.5
4711-472,DIRECTO,827,145,17.533252720677147,0.0,0.0,0.0,0.0,8.0,122.0999999999998,1122.0,8.0,0.0,-12.0,20.0
4711-472,AGENCIA,827,66,7.980652962515115,0.0,0.0,0.0,0.0,0.0,13.699999999999932,4442.666667,0.0,0.0,0.0,0.0
4711-472,APRENDIZ,827,116,14.026602176541717,0.0,0.0,0.0,0.0,1.0,8.0,627.3333333,1.0,0.0,-1.5,2.5
4711-472,TOTPERSO,827,121,14.631197097944376,0.0,1.0,11.0,24.0,46.0,268.49999999999966,13938.0,35.0,15.0,-41.5,98.5
4711-472,PROMUJ,827,138,16.68681983071342,0.0,0.0,0.0,0.0,0.0,1.0,6.0,0.0,0.0,0.0,0.0
4711-472,PROHOM,827,196,23.70012091898428,0.0,0.0,0.0,0.0,0.0,2.0,6.0,0.0,0.0,0.0,0.0
4711-472,PERMUJ,827,94,11.366384522370012,0.0,0.0,1.0,5.0,14.0,73.0999999999998,6585.333333,13.0,5.0,-18.5,33.5
4711-472,PERHOM,827,86,10.399032648125756,0.0,0.0,1.0,7.0,17.0,90.0,6334.333333,16.0,7.0,-23.0,41.0
4711-472,DIRMUJ,827,155,18.742442563482467,0.0,0.0,0.0,0.0,3.0,51.0,397.0,3.0,0.0,-4.5,7.5
4711-472,DIRHOM,827,155,18.742442563482467,0.0,0.0,0.0,0.0,4.0,67.39999999999986,741.0,4.0,0.0,-6.0,10.0
4711-472,AGEMUJ,827,63,7.617896009673519,0.0,0.0,0.0,0.0,0.0,6.0,1817.0,0.0,0.0,0.0,0.0
4711-472,AGEHOM,827,65,7.8597339782345825,0.0,0.0,0.0,0.0,0.0,8.0,2625.666667,0.0,0.0,0.0,0.0
4711-472,APRENMUJ,827,64,7.738814993954051,0.0,0.0,0.0,0.0,1.0,4.0,372.0,1.0,0.0,-1.5,2.5
4711-472,APRENHOM,827,56,6.771463119709795,0.0,0.0,0.0,0.0,0.9,4.0,255.3333333,0.9,0.0,-1.35,2.25
4711-472,TOTMUJ,827,100,12.091898428053204,0.0,0.0,4.0,10.0,22.0,141.59999999999877,7072.333333,18.0,7.0,-23.0,49.0
4711-472,TOTHOM,827,114,13.784764207980652,0.0,0.0,6.0,13.0,26.5,154.39999999999986,6865.666667,20.5,8.0,-24.75,57.25
4711-472,SUEPLAN,827,94,11.366384522370012,0.0,0.0,58176.0,255219.0,607685.5,3501152.7999999854,401060883.0,549509.5,255219.0,-766088.25,1431949.75
4711-472,PREPLAN,827,112,13.54292623941959,0.0,0.0,39112.0,92978.0,198340.5,1205797.7999999959,95510221.0,159228.5,61297.0,-199730.75,437183.25
4711-472,REMPLAN,827,95,11.487303506650544,0.0,0.0,74582.5,307429.0,740245.0,4149661.2999999826,488273278.0,665662.5,307429.0,-923911.25,1738738.75
4711-472,COTIZA,827,111,13.422007255139057,0.0,0.0,30395.22,70246.48,147347.7,966343.0959999919,60583075.27,116952.48000000001,46734.23999999999,-145033.50000000003,322776.42000000004
4711-472,GASAGEN,827,66,7.980652962515115,0.0,0.0,0.0,0.0,0.0,392267.8999999998,112915160.3,0.0,0.0,0.0,0.0
4711-472,REMTEMP,827,148,17.896009673518744,0.0,0.0,0.0,0.0,159520.5,2574702.799999997,26498157.0,159520.5,0.0,-239280.75,398801.25
4711-472,TOTREM,827,117,14.147521160822249,0.0,0.0,252319.47999999998,554789.0,1177029.22,7157472.651999983,549326039.3,924709.74,358057.04000000004,-1134745.13,2564093.83
4711-472,INVINI,827,97,11.729141475211609,0.0,0.0,227500.0,775210.0,1866605.5,11899824.19999996,818673525.3,1639105.5,678337.0,-2231158.25,4325263.75
4711-472,INVFIN,827,101,12.212817412333736,0.0,0.0,229955.5,750000.0,1977287.0,14625532.599999975,897851885.3,1747331.5,662699.0,-2391041.75,4598284.25
4711-472,ROTACION,827,98,11.85006045949214,0.0,0.0,3180999.5,8121949.0,19458427.0,109124771.3999999,9804952847.0,16277427.5,5941914.0,-21235141.75,43874568.25
4711-472,INVPRO,827,105,12.696493349455865,0.0,0.0,266663.5,794470.5,1925535.25,13318698.59999997,858262705.3,1658871.75,647795.0,-2221644.125,4413842.875
4711-472,CTO,827,97,11.729141475211609,0.0,150771.6000000002,3422357.0,8170943.0,20101545.5,109124771.3999999,9804952847.0,16679188.5,5887511.0,-21596425.75,45120328.25
4711-472,CTOINS,827,97,11.729141475211609,0.0,150771.6000000002,3422357.0,8170943.0,20101545.5,109124771.3999999,9804952847.0,16679188.5,5887511.0,-21596425.75,45120328.25
4711-472,GASTOS,827,99,11.970979443772672,0.0,206998.50000000023,3650310.0,8992686.0,21358541.0,115757588.0,10560710476.0,17708231.0,6327966.0,-22912036.5,47920887.5
4711-472,GASTOSNOP,827,110,13.301088270858525,0.0,0.0,11420.5,69976.0,268520.0,2719710.27999999,355578902.7,257099.5,69293.0,-374228.75,654169.25
4711-472,GASTOPNOP,827,98,11.85006045949214,0.0,288432.30000000115,4119456.0,9747785.0,23625542.0,132832458.8999996,11525756015.0,19506086.0,6714492.0,-25139673.0,52884671.0
4741-4742,CIMREP,271,24,8.85608856088561,0.0,0.0,0.0,0.0,0.0,421504.0,5215715.667,0.0,0.0,0.0,0.0
4741-4742,BRUTA,271,23,8.487084870848708,0.0,0.0,663885.0,1872359.0,5928552.5,25022533.67,169433754.0,5264667.5,1565741.0,-7233116.25,13825553.75
4741-4742,CONSUI,271,34,12.546125461254613,0.0,0.0,164974.75,526621.5,1855156.25,8049480.5835,139350594.0,1690181.5,425486.5,-2370297.5,4390428.5
4741-4742,GAS,271,46,16.974169741697416,0.0,0.0,0.0,0.0,28.0,1907.0,63781.66667,28.0,0.0,-42.0,70.0
4741-4742,EMPAQUE,271,45,16.605166051660518,0.0,0.0,0.0,0.0,3525.0,65210.5,668885.0,3525.0,0.0,-5287.5,8812.5
4741-4742,HONORA,271,23,8.487084870848708,0.0,0.0,14888.0,38648.0,164899.5,561776.5,24449581.0,150011.5,36851.0,-210129.25,389916.75
4741-4742,COMISION,271,57,21.03321033210332,0.0,0.0,0.0,0.0,39583.5,843444.5,5153122.0,39583.5,0.0,-59375.25,98958.75
4741-4742,ARRIENDO,271,38,14.022140221402214,0.0,0.0,25990.0,106619.0,435705.5,3225665.6665000003,34194874.0,409715.5,106618.0,-588583.25,1050278.75
4741-4742,SEGURO,271,28,10.33210332103321,0.0,0.0,1199.5,9410.0,42073.5,210534.5,1384251.0,40874.0,9410.0,-60111.5,103384.5
4741-4742,ASEO,271,32,11.808118081180812,0.0,0.0,0.0,5658.0,26636.5,116240.5,3868195.0,26636.5,5658.0,-39954.75,66591.25
4741-4742,ENERGIA,271,40,14.760147601476016,0.0,0.0,9305.5,27096.0,102328.5,499116.0,6130347.0,93023.0,23242.0,-130229.0,241863.0
4741-4742,COMUNICA,271,36,13.284132841328413,0.0,0.0,4916.0,11700.0,37445.0,240132.5,1660172.0,32529.0,8954.0,-43877.5,86238.5
4741-4742,PUBLICO,271,30,11.07011070110701,0.0,0.0,1803.5,4560.0,10536.5,40844.0,406548.0,8733.0,3502.0,-11296.0,23636.0
4741-4742,FLETES,271,44,16.236162361623617,0.0,0.0,914.5,17697.0,107754.5,779801.0,9421660.0,106840.0,17697.0,-159345.5,268014.5
4741-4742,PUBLICI,271,46,16.974169741697416,0.0,0.0,0.0,11200.0,83323.0,1328252.5,14897280.0,83323.0,11200.0,-124984.5,208307.5
4741-4742,ADECUA,271,26,9.59409594095941,0.0,0.0,3851.5,18700.0,102509.5,626648.5,6539394.0,98658.0,18700.0,-144135.5,250496.5
4741-4742,REGALA,271,31,11.439114391143912,0.0,0.0,0.0,0.0,0.0,6016.0,635449.0,0.0,0.0,0.0,0.0
4741-4742,OUTSOURCING,271,32,11.808118081180812,0.0,0.0,0.0,0.0,0.0,90279.0,977611.0,0.0,0.0,0.0,0.0
4741-4742,OTROS,271,39,14.391143911439114,0.0,0.0,4325.25,26372.5,109781.6667,712984.5,12335339.0,105456.4167,25719.0,-153859.37505,267966.29175
4741-4742,SUELDOS,271,25,9.22509225092251,0.0,0.0,205571.0,477217.0,1485663.5,7017980.0,30791943.0,1280092.5,362803.0,-1714567.75,3405802.25
4741-4742,PRESTAC,271,27,9.96309963099631,0.0,0.0,86077.0,190597.0,613519.5,2598845.5,12274149.0,527442.5,138963.0,-705086.75,1404683.25
4741-4742,VENTA,271,35,12.915129151291513,0.0,0.0,2368459.5,6757660.472,20500934.5,99065807.33,400367059.7,18132475.0,5919372.472,-24830253.0,47699647.0
4741-4742,AGREGA,271,24,8.85608856088561,-23459911.0,0.0,437634.5,1191250.5,4303763.25,17048014.5,87863724.5,3866128.75,1012282.0,-5361558.625,10102956.375
4741-4742,PERREMUN,271,28,10.33210332103321,0.0,0.0,10.5,20.0,50.0,252.5,727.0,39.5,13.0,-48.75,109.25
4741-4742,SOCIOS,271,60,22.14022140221402,0.0,0.0,0.0,0.0,0.0,2.5,6.0,0.0,0.0,0.0,0.0
4741-4742,PERSONOM,271,32,11.808118081180812,0.0,0.0,4.5,14.0,34.5,159.5,689.0,30.0,12.0,-40.5,79.5
4741-4742,DIRECTO,271,44,16.236162361623617,0.0,0.0,0.0,0.0,9.5,55.0,462.0,9.5,0.0,-14.25,23.75
4741-4742,AGENCIA,271,41,15.129151291512915,0.0,0.0,0.0,0.0,0.0,18.5,231.0,0.0,0.0,0.0,0.0
4741-4742,APRENDIZ,271,20,7.380073800738008,0.0,0.0,0.0,1.0,2.0,7.333333333,35.0,2.0,1.0,-3.0,5.0
4741-4742,TOTPERSO,271,28,10.33210332103321,0.0,0.0,12.0,21.0,56.0,281.5,933.0,44.0,13.0,-54.0,122.0
4741-4742,PROMUJ,271,29,10.70110701107011,0.0,0.0,0.0,0.0,0.0,1.0,3.333333333,0.0,0.0,0.0,0.0
4741-4742,PROHOM,271,54,19.92619926199262,0.0,0.0,0.0,0.0,0.0,1.5,3.0,0.0,0.0,0.0,0.0
4741-4742,PERMUJ,271,37,13.653136531365314,0.0,0.0,2.0,7.0,17.0,98.0,519.0,15.0,6.0,-20.5,39.5
4741-4742,PERHOM,271,28,10.33210332103321,0.0,0.0,2.0,7.0,19.0,72.5,466.0,17.0,7.0,-23.5,44.5
4741-4742,DIRMUJ,271,32,11.808118081180812,0.0,0.0,0.0,0.0,6.0,30.5,243.0,6.0,0.0,-9.0,15.0
4741-4742,DIRHOM,271,56,20.66420664206642,0.0,0.0,0.0,0.0,3.0,31.666666665,219.0,3.0,0.0,-4.5,7.5
4741-4742,AGEMUJ,271,36,13.284132841328413,0.0,0.0,0.0,0.0,0.0,9.0,106.0,0.0,0.0,0.0,0.0
4741-4742,AGEHOM,271,36,13.284132841328413,0.0,0.0,0.0,0.0,0.0,8.5,125.0,0.0,0.0,0.0,0.0
4741-4742,APRENMUJ,271,36,13.284132841328413,0.0,0.0,0.0,0.0,1.0,5.0,20.0,1.0,0.0,-1.5,2.5
4741-4742,APRENHOM,271,18,6.642066420664206,0.0,0.0,0.0,0.0,1.0,3.333333333,16.0,1.0,0.0,-1.5,2.5
4741-4742,TOTMUJ,271,27,9.96309963099631,0.0,0.0,6.0,11.0,29.0,159.0,526.0,23.0,7.0,-28.5,63.5
4741-4742,TOTHOM,271,37,13.653136531365314,0.0,0.0,5.0,11.0,27.0,120.5,568.0,22.0,8.0,-28.0,60.0
4741-4742,SUEPLAN,271,27,9.96309963099631,0.0,0.0,106936.5,344750.0,1272228.0,4235008.5,29943404.0,1165291.5,343450.0,-1641000.75,3020165.25
4741-4742,PREPLAN,271,24,8.85608856088561,0.0,0.0,45019.0,109428.0,328040.0,1347292.5,6379144.0,283021.0,80372.0,-379512.5,752571.5
4741-4742,REMPLAN,271,30,11.07011070110701,0.0,0.0,128376.5,414600.0,1480033.0,5158564.0,34860480.0,1351656.5,414600.0,-1899108.25,3507517.75
4741-4742,COTIZA,271,26,9.59409594095941,0.0,0.0,36513.06,76652.24,253404.06,1052860.8,5275362.08,216891.0,58452.0,-288823.44,578740.56
4741-4742,GASAGEN,271,41,15.129151291512915,0.0,0.0,0.0,0.0,0.0,528935.0,5891800.0,0.0,0.0,0.0,0.0
4741-4742,REMTEMP,271,36,13.284132841328413,0.0,0.0,0.0,0.0,231536.0,1386041.5,16305274.0,231536.0,0.0,-347304.0,578840.0
4741-4742,TOTREM,271,27,9.96309963099631,0.0,0.0,280678.62,636677.84,1954645.74,9020289.48,41467285.56,1673967.12,486682.6,-2230272.06,4465596.42
4741-4742,INVINI,271,26,9.59409594095941,0.0,0.0,528166.0,1977145.0,4819875.5,19950893.5,99378956.0,4291709.5,1697940.0,-5909398.25,11257439.75
4741-4742,INVFIN,271,28,10.33210332103321,0.0,0.0,465175.5,1869077.0,4468184.0,20597067.0,120581196.0,4003008.5,1600936.0,-5539337.25,10472696.75
4741-4742,ROTACION,271,32,11.808118081180812,0.0,0.0,1374563.5,4483474.0,15234967.004999999,74043273.67,333818378.4,13860403.504999999,3963337.0,-19416041.7575,36025572.2625
4741-4742,INVPRO,271,30,11.07011070110701,0.0,0.0,529367.0,1862505.5,4674709.5,19944400.25,109980076.0,4145342.5,1553899.5,-5688646.75,10892723.25
4741-4742,CTO,271,32,11.808118081180812,0.0,0.0,1393289.0,4517531.0,15234967.0,74043273.67,333818378.3,13841678.0,3997394.0,-19369228.0,35997484.0
4741-4742,CTOINS,271,35,12.915129151291513,0.0,0.0,1393289.0,4517531.0,15255648.0,74043273.67,335479755.0,13862359.0,4002599.0,-19400249.5,36049186.5
4741-4742,GASTOS,271,33,12.177121771217712,0.0,0.0,1766824.5,5423912.0,17621226.0,83222157.0,360591371.0,15854401.5,4762289.0,-22014777.75,41402828.25
4741-4742,GASTOSNOP,271,36,13.284132841328413,0.0,0.0,23725.0,103223.0,473185.5,4632810.5,22732093.0,449460.5,103223.0,-650465.75,1147376.25
4741-4742,GASTOPNOP,271,34,12.546125461254613,0.0,0.0,2371979.5,6810747.0,19806424.0,88961844.0,398306528.3,17434444.5,5696992.0,-23779687.25,45958090.75
465,CIMREP,1145,251,21.921397379912662,0.0,0.0,0.0,0.0,0.0,2530105.3999999985,141286688.0,0.0,0.0,0.0,0.0
465,BRUTA,1145,117,10.218340611353712,-1516160.0,428894.2,1946991.0,4604060.0,11849490.0,42230809.19999998,333075816.0,9902499.0,3380092.0,-12906757.5,26703238.5
465,CONSUI,1145,119,10.393013100436681,0.0,99479.0,443590.5,954091.0,2473175.0,9868547.6,166399924.7,2029584.5,667749.5,-2600786.25,5517551.75
465,GAS,1145,179,15.633187772925764,0.0,0.0,0.0,0.0,165.0,2061.9999999999945,103500.0,165.0,0.0,-247.5,412.5
465,EMPAQUE,1145,208,18.16593886462882,0.0,0.0,0.0,0.0,3000.0,70072.59999999992,1856090.0,3000.0,0.0,-4500.0,7500.0
465,HONORA,1145,118,10.305676855895197,0.0,4144.200000000002,54017.0,149254.0,416688.0,1726569.2,55324120.0,362671.0,113966.0,-489989.5,960694.5
465,COMISION,1145,252,22.00873362445415,0.0,0.0,0.0,0.0,3820.0,300750.1999999998,9315789.0,3820.0,0.0,-5730.0,9550.0
465,ARRIENDO,1145,98,8.558951965065502,0.0,0.0,31411.0,126972.0,336741.0,1270392.8,19060341.0,305330.0,112943.0,-426584.0,794736.0
465,SEGURO,1145,125,10.91703056768559,0.0,0.0,10856.0,33652.0,89144.0,345976.8,5266871.0,78288.0,28655.0,-106576.0,206576.0
465,ASEO,1145,159,13.88646288209607,0.0,0.0,2792.0,9441.0,37867.0,237705.59999999992,4888544.0,35075.0,9177.0,-49820.5,90479.5
465,ENERGIA,1145,114,9.956331877729257,0.0,1209.2,7638.0,17446.0,42393.0,159243.3333,1549032.0,34755.0,12477.0,-44494.5,94525.5
465,COMUNICA,1145,134,11.703056768558952,0.0,1635.2,10677.0,22662.0,55749.0,247002.99999999965,3856620.0,45072.0,15508.0,-56931.0,123357.0
465,PUBLICO,1145,87,7.598253275109171,0.0,150.00000000000017,1745.0,3500.0,7098.0,20965.199999999993,1150238.0,5353.0,2213.0,-6284.5,15127.5
465,FLETES,1145,145,12.663755458515285,0.0,0.0,14022.0,70370.0,240024.0,1584504.3999999983,21019902.0,226002.0,66594.0,-324981.0,579027.0
465,PUBLICI,1145,161,14.06113537117904,0.0,0.0,20.0,15480.0,83093.0,670187.7999999999,80567496.33,83073.0,15480.0,-124589.5,207702.5
465,ADECUA,1145,143,12.489082969432314,0.0,0.0,11911.0,40709.0,140176.0,711872.7999999993,12898792.0,128265.0,37356.0,-180486.5,332573.5
465,REGALA,1145,47,4.104803493449782,0.0,0.0,0.0,0.0,0.0,0.0,5137403.0,0.0,0.0,0.0,0.0
465,OUTSOURCING,1145,266,23.231441048034934,0.0,0.0,0.0,0.0,0.0,341700.79999999976,21364624.0,0.0,0.0,0.0,0.0
465,OTROS,1145,132,11.528384279475983,0.0,300.40000000000026,30359.0,106686.0,322565.0,1533682.299999999,22861942.5,292206.0,95752.0,-407950.0,760874.0
465,SUELDOS,1145,130,11.353711790393014,0.0,120586.6,494371.0,1120375.0,2720915.0,11137463.399999991,124807527.0,2226544.0,804673.0,-2845445.0,6060731.0
465,PRESTAC,1145,122,10.655021834061136,0.0,48107.0,206145.0,470463.0,1178533.0,4487597.199999997,55545874.0,972388.0,341923.0,-1252437.0,2637115.0
465,VENTA,1145,120,10.480349344978166,0.0,1357627.0822,5471859.945,13524461.56,35270053.54,129054983.53999998,1819586001.0,29798193.595,10016597.313000001,-39225430.4475,79967343.9325
465,AGREGA,1145,122,10.655021834061136,-1980006.0,188311.6,1381695.0,3512007.5,9040459.5,31905421.799999956,215544073.5,7658764.5,2687561.5,-10106451.75,20528606.25
465,PERREMUN,1145,122,10.655021834061136,0.0,4.0,13.0,26.0,50.0,161.79999999999995,1079.0,37.0,15.0,-42.5,105.5
465,SOCIOS,1145,187,16.33187772925764,0.0,0.0,0.0,0.0,0.0,2.0,8.0,0.0,0.0,0.0,0.0
465,PERSONOM,1145,114,9.956331877729257,0.0,1.0,10.0,23.0,45.0,142.0,1051.0,35.0,15.0,-42.5,97.5
465,DIRECTO,1145,239,20.87336244541485,0.0,0.0,0.0,0.0,0.0,30.799999999999955,352.0,0.0,0.0,0.0,0.0
465,AGENCIA,1145,201,17.554585152838428,0.0,0.0,0.0,0.0,0.0,12.0,1055.0,0.0,0.0,0.0,0.0
465,APRENDIZ,1145,51,4.454148471615721,0.0,0.0,0.0,1.0,2.0,5.0,30.0,2.0,1.0,-3.0,5.0
465,TOTPERSO,1145,119,10.393013100436681,0.0,5.0,14.0,28.0,55.0,174.5999999999999,1255.0,41.0,17.0,-47.5,116.5
465,PROMUJ,1145,114,9.956331877729257,0.0,0.0,0.0,0.0,0.0,1.0,5.0,0.0,0.0,0.0,0.0
465,PROHOM,1145,154,13.449781659388647,0.0,0.0,0.0,0.0,0.0,1.0,6.0,0.0,0.0,0.0,0.0
465,PERMUJ,1145,110,9.606986899563319,0.0,0.0,4.0,9.0,19.0,60.0,651.0,15.0,6.0,-18.5,41.5
465,PERHOM,1145,121,10.56768558951965,0.0,0.0,5.0,12.0,26.0,92.79999999999995,861.0,21.0,8.0,-26.5,57.5
465,DIRMUJ,1145,208,18.16593886462882,0.0,0.0,0.0,0.0,0.0,10.799999999999955,81.0,0.0,0.0,0.0,0.0
465,DIRHOM,1145,218,19.03930131004367,0.0,0.0,0.0,0.0,0.0,18.0,271.0,0.0,0.0,0.0,0.0
465,AGEMUJ,1145,177,15.458515283842795,0.0,0.0,0.0,0.0,0.0,5.0,499.0,0.0,0.0,0.0,0.0
465,AGEHOM,1145,169,14.759825327510917,0.0,0.0,0.0,0.0,0.0,6.0,556.0,0.0,0.0,0.0,0.0
465,APRENMUJ,1145,73,6.3755458515283845,0.0,0.0,0.0,0.0,1.0,3.0,18.0,1.0,0.0,-1.5,2.5
465,APRENHOM,1145,76,6.637554585152839,0.0,0.0,0.0,0.0,1.0,3.0,26.0,1.0,0.0,-1.5,2.5
465,TOTMUJ,1145,118,10.305676855895197,0.0,1.0,6.0,11.0,23.0,74.0,684.0,17.0,7.0,-19.5,48.5
465,TOTHOM,1145,119,10.393013100436681,0.0,2.0,7.0,15.0,32.0,105.0,873.0,25.0,10.0,-30.5,69.5
465,SUEPLAN,1145,130,11.353711790393014,0.0,18348.000000000004,416602.0,993835.0,2511935.0,10319527.199999986,123126489.0,2095333.0,741721.0,-2726397.5,5654934.5
465,PREPLAN,1145,122,10.655021834061136,0.0,27480.800000000003,101745.0,239962.0,568196.0,2107329.799999999,27244306.0,466451.0,169972.0,-597931.5,1267872.5
465,REMPLAN,1145,129,11.266375545851528,0.0,21778.400000000005,512011.0,1207155.0,3081564.0,12118660.599999994,150128128.0,2569553.0,901083.0,-3342318.5,6935893.5
465,COTIZA,1145,126,11.004366812227074,0.0,18091.328,81288.48,199893.8,526141.8,1960924.6959999981,24145316.88,444853.32000000007,150064.03999999998,-585991.5000000001,1193421.7800000003
465,GASAGEN,1145,201,17.554585152838428,0.0,0.0,0.0,0.0,0.0,441655.3999999997,49946790.0,0.0,0.0,0.0,0.0
465,REMTEMP,1145,239,20.87336244541485,0.0,0.0,0.0,0.0,0.0,872005.9999999978,17797866.0,0.0,0.0,0.0,0.0
465,TOTREM,1145,128,11.179039301310043,0.0,161213.104,679579.32,1543024.12,3728216.64,14776904.951999985,175466495.9,3048637.3200000003,1114781.8,-3893376.6600000006,8301172.620000001
465,INVINI,1145,116,10.131004366812228,0.0,11394.6,893288.0,2791128.0,7613980.0,32527517.19999999,7110655949.0,6720692.0,2348339.0,-9187750.0,17695018.0
465,INVFIN,1145,128,11.179039301310043,0.0,7088.800000000008,895410.0,2920601.0,7694391.0,35180071.39999997,6304460344.0,6798981.0,2444050.0,-9303061.5,17892862.5
465,ROTACION,1145,126,11.004366812227074,0.0,440366.85662000004,2979703.0,7867801.0,20507083.0,84957789.674,1489443882.0,17527380.0,6210374.0,-23311367.0,46798153.0
465,INVPRO,1145,121,10.56768558951965,0.0,34089.600000000006,938459.5,2876532.0,7791128.5,33444117.0,6707558146.0,6852669.0,2361491.0,-9340544.0,18070132.0
465,CTO,1145,127,11.091703056768559,0.0,552225.4,3107415.0,7993029.0,20689092.0,86000872.39999995,1489443882.0,17581677.0,6238297.0,-23265100.5,47061607.5
465,CTOINS,1145,134,11.703056768558952,0.0,637183.2000000001,3254937.0,8075275.0,21570602.0,88327908.79999994,1512390257.0,18315665.0,6274253.0,-24218560.5,49044099.5
465,GASTOS,1145,132,11.528384279475983,0.0,953809.2000000002,4051728.0,9726437.0,24656931.0,101510582.39999999,1703086168.0,20605203.0,7361683.0,-26856076.5,55564735.5
465,GASTOSNOP,1145,134,11.703056768558952,0.0,6333.200000000003,118127.0,412902.0,1406756.0,7685985.6,1188012123.0,1288629.0,368354.0,-1814816.5,3339699.5
465,GASTOPNOP,1145,127,11.091703056768559,0.0,1466978.36,5368619.0,12649785.0,31466707.0,128088683.59999993,2139541064.0,26098088.0,9312954.0,-33778513.0,70613839.0
466,CIMREP,1929,56,2.903058579574909,0.0,0.0,0.0,0.0,0.0,0.0,31208641.0,0.0,0.0,0.0,0.0
466,BRUTA,1929,205,10.627268014515293,-5689378.0,250395.40000000005,1268021.0,3081084.0,7289928.0,30373161.199999966,371370515.0,6021907.0,2215690.0,-7764839.5,16322788.5
466,CONSUI,1929,226,11.715914981855883,0.0,61364.100000000006,320019.5,804596.5,2101995.5,9866427.199999994,166318503.5,1781976.0,599578.5,-2352944.5,4774959.5
466,GAS,1929,383,19.854847071021254,0.0,0.0,0.0,0.0,101.0,2684.799999999998,3666108.0,101.0,0.0,-151.5,252.5
466,EMPAQUE,1929,331,17.159149818558838,0.0,0.0,0.0,0.0,6026.0,90071.99999999997,3917424.0,6026.0,0.0,-9039.0,15065.0
466,HONORA,1929,211,10.938310005184032,0.0,0.0,32396.0,80157.0,212663.0,900064.7999999997,22726200.0,180267.0,60150.0,-238004.5,483063.5
466,COMISION,1929,468,24.261275272161743,0.0,0.0,0.0,0.0,0.0,171159.99999999945,35455226.0,0.0,0.0,0.0,0.0
466,ARRIENDO,1929,196,10.160705028512183,0.0,0.0,22380.0,115365.0,307001.0,1330321.7999999989,49408187.0,284621.0,109575.0,-404551.5,733932.5
466,SEGURO,1929,227,11.767755313634007,0.0,0.0,7086.0,24918.0,73587.0,398322.59999999945,5521890.0,66501.0,23093.0,-92665.5,173338.5
466,ASEO,1929,304,15.759460860549508,0.0,0.0,1376.0,6472.0,23591.0,226944.8,8711978.0,22215.0,6472.0,-31946.5,56913.5
466,ENERGIA,1929,221,11.456713322965268,0.0,758.4000000000005,7445.0,18520.0,46936.0,241802.79999999955,6617935.0,39491.0,13838.0,-51791.5,106172.5
466,COMUNICA,1929,217,11.249351995852773,0.0,229.60000000000016,6545.0,14290.0,33052.0,141459.1999999999,8699372.0,26507.0,10271.0,-33215.5,72812.5
466,PUBLICO,1929,173,8.968377397615345,0.0,84.60000000000005,1731.0,3756.0,8291.0,27032.199999999975,1218884.0,6560.0,2608.0,-8109.0,18131.0
466,FLETES,1929,257,13.32296526697771,0.0,0.0,10776.0,78708.0,381448.0,2763126.3999999994,119437068.0,370672.0,78529.0,-545232.0,937456.0
466,PUBLICI,1929,299,15.50025920165889,0.0,0.0,0.0,2803.0,30159.0,395133.3999999998,17971411.0,30159.0,2803.0,-45238.5,75397.5
466,ADECUA,1929,217,11.249351995852773,0.0,0.0,11801.0,50089.0,153603.0,709667.2,16557245.0,141802.0,44861.0,-200902.0,366306.0
466,REGALA,1929,75,3.8880248833592534,0.0,0.0,0.0,0.0,0.0,0.0,10033008.0,0.0,0.0,0.0,0.0
466,OUTSOURCING,1929,317,16.433385173665112,0.0,0.0,0.0,0.0,0.0,194092.39999999985,19116044.0,0.0,0.0,0.0,0.0
466,OTROS,1929,202,10.471747019180922,0.0,82.70000000000026,19546.5,69525.0,227762.5,1141440.3999999997,34583754.5,208216.0,63511.0,-292777.5,540086.5
466,SUELDOS,1929,206,10.679108346293416,0.0,57048.000000000015,298153.0,664463.0,1532964.0,5797502.199999998,79949843.0,1234811.0,447282.0,-1554063.5,3385180.5
466,PRESTAC,1929,205,10.627268014515293,0.0,24484.600000000006,123515.0,273864.0,652110.0,2509990.2,30726201.0,528595.0,186381.0,-669377.5,1445002.5
466,VENTA,1929,219,11.35303265940902,0.0,1223447.8260000001,5385852.0,13799168.34,36696230.0,170774360.39999995,3265637903.0,31310378.0,10597478.868999999,-41579715.0,83661797.0
466,AGREGA,1929,208,10.782789009849663,-93345112.5,21460.900000000005,849102.5,2125553.0,5006153.5,20574725.79999997,205052011.5,4157051.0,1575372.0,-5386474.0,11241730.0
466,PERREMUN,1929,185,9.590461378952826,0.0,2.0,10.0,19.0,41.0,139.19999999999982,2346.0,31.0,11.0,-36.5,87.5
466,SOCIOS,1929,351,18.195956454121305,0.0,0.0,0.0,0.0,0.0,2.0,10.0,0.0,0.0,0.0,0.0
466,PERSONOM,1929,185,9.590461378952826,0.0,0.0,7.0,14.0,34.0,111.0,2139.0,27.0,11.0,-33.5,74.5
466,DIRECTO,1929,433,22.446863659927423,0.0,0.0,0.0,0.0,0.0,34.0,713.0,0.0,0.0,0.0,0.0
466,AGENCIA,1929,309,16.018662519440124,0.0,0.0,0.0,0.0,0.0,12.599999999999909,479.0,0.0,0.0,0.0,0.0
466,APRENDIZ,1929,214,11.093831000518403,0.0,0.0,0.0,0.0,1.0,4.0,71.0,1.0,0.0,-1.5,2.5
466,TOTPERSO,1929,190,9.849663037843442,0.0,3.0,11.0,21.0,45.0,153.5999999999999,2896.0,34.0,12.0,-40.0,96.0
466,PROMUJ,1929,189,9.797822706065318,0.0,0.0,0.0,0.0,0.0,1.0,4.0,0.0,0.0,0.0,0.0
466,PROHOM,1929,281,14.56713322965267,0.0,0.0,0.0,0.0,0.0,1.0,8.0,0.0,0.0,0.0,0.0
466,PERMUJ,1929,183,9.486780715396579,0.0,0.0,3.0,6.0,13.0,44.59999999999991,600.0,10.0,4.0,-12.0,28.0
466,PERHOM,1929,173,8.968377397615345,0.0,0.0,3.0,9.0,21.0,72.0,1539.0,18.0,7.0,-24.0,48.0
466,DIRMUJ,1929,381,19.751166407465007,0.0,0.0,0.0,0.0,0.0,12.0,208.0,0.0,0.0,0.0,0.0
466,DIRHOM,1929,404,20.943494038361845,0.0,0.0,0.0,0.0,0.0,24.0,505.0,0.0,0.0,0.0,0.0
466,AGEMUJ,1929,255,13.219284603421462,0.0,0.0,0.0,0.0,0.0,5.0,105.0,0.0,0.0,0.0,0.0
466,AGEHOM,1929,267,13.841368584758943,0.0,0.0,0.0,0.0,0.0,8.0,374.0,0.0,0.0,0.0,0.0
466,APRENMUJ,1929,107,5.546915500259201,0.0,0.0,0.0,0.0,1.0,3.0,45.0,1.0,0.0,-1.5,2.5
466,APRENHOM,1929,78,4.043545878693624,0.0,0.0,0.0,0.0,1.0,2.0,26.0,1.0,0.0,-1.5,2.5
466,TOTMUJ,1929,180,9.331259720062208,0.0,1.0,4.0,8.0,17.0,56.0,794.0,13.0,5.0,-15.5,36.5
466,TOTHOM,1929,182,9.434940383618455,0.0,1.0,6.0,12.0,28.0,93.59999999999991,2102.0,22.0,8.0,-27.0,61.0
466,SUEPLAN,1929,200,10.368066355624675,0.0,0.0,220567.0,539461.0,1335770.0,5185922.6,74279493.0,1115203.0,410803.0,-1452237.5,3008574.5
466,PREPLAN,1929,210,10.88646967340591,0.0,12212.0,65151.0,142352.0,327828.0,1258317.599999999,17024648.0,262677.0,97761.0,-328864.5,721843.5
466,REMPLAN,1929,200,10.368066355624675,0.0,0.0,271017.0,657006.0,1620418.0,6199505.2,90233888.0,1349401.0,501039.0,-1753084.5,3644519.5
466,COTIZA,1929,201,10.419906687402799,0.0,9643.096000000001,49244.12,112095.48,276616.44,1102485.7039999992,11833543.64,227372.32,78730.35999999999,-291814.36,617674.9199999999
466,GASAGEN,1929,309,16.018662519440124,0.0,0.0,0.0,0.0,0.0,432218.8,14811786.0,0.0,0.0,0.0,0.0
466,REMTEMP,1929,433,22.446863659927423,0.0,0.0,0.0,0.0,0.0,855989.5999999999,23404793.0,0.0,0.0,0.0,0.0
466,TOTREM,1929,202,10.471747019180922,0.0,75585.83200000004,411073.16,893027.68,2114649.68,7827060.199999993,106635533.6,1703576.5200000003,602276.16,-2144291.62,4670014.460000001
466,INVINI,1929,212,10.990150336962156,0.0,0.0,763701.0,2432167.0,6136366.0,29828813.999999985,6171184296.0,5372665.0,2001074.0,-7295296.5,14195363.5
466,INVFIN,1929,211,10.938310005184032,0.0,0.0,754252.0,2359597.0,6351340.0,30586360.999999996,3810674596.0,5597088.0,1978617.0,-7641380.0,14746972.0
466,ROTACION,1929,217,11.249351995852773,0.0,267523.80000000005,3397735.0,9773052.0,27943941.0,134851989.7999999,3522410581.0,24546206.0,7948383.0,-33421574.0,64763250.0
466,INVPRO,1929,201,10.419906687402799,0.0,18297.900000000012,863151.5,2496902.0,6420211.0,29295968.099999953,4990929446.0,5557059.5,2013874.0,-7472437.75,14755800.25
466,CTO,1929,216,11.19751166407465,0.0,660807.2000000001,3622331.0,10089367.0,28831057.0,142602706.39999995,3172369394.0,25208726.0,8064496.0,-34190758.0,66644146.0
466,CTOINS,1929,216,11.19751166407465,0.0,669682.2000000001,3659403.0,10103633.0,28831057.0,142602706.39999995,3172369394.0,25171654.0,8074437.0,-34098078.0,66588538.0
466,GASTOS,1929,217,11.249351995852773,0.0,965275.2000000001,4222257.0,11470308.0,31710008.0,151687901.59999993,3259898039.0,27487751.0,9051865.0,-37009369.5,72941634.5
466,GASTOSNOP,1929,262,13.582166925868325,0.0,0.0,64382.0,252647.0,971351.0,7142140.799999991,782423013.0,906969.0,233993.0,-1296071.5,2331804.5
466,GASTOPNOP,1929,219,11.35303265940902,0.0,1349069.6,5274661.0,13679037.0,36218238.0,175262217.99999997,3285106545.0,30943577.0,10481014.0,-41140704.5,82633603.5
4759-4761,CIMREP,295,22,7.4576271186440675,0.0,0.0,0.0,0.0,0.0,211367.3333,5703636.0,0.0,0.0,0.0,0.0
4759-4761,BRUTA,295,38,12.88135593220339,-157293.0,97548.5,678020.5,1519037.0,4856917.0,30835167.0,183164860.3,4178896.5,1082445.0,-5590324.25,11125261.75
4759-4761,CONSUI,295,40,13.559322033898304,0.0,30579.15,196180.25,452318.0,1524247.5,10440712.900000006,101136360.5,1328067.25,346531.5,-1795920.625,3516348.375
4759-4761,GAS,295,58,19.661016949152543,0.0,0.0,0.0,0.0,81.5,2075.0,46000.0,81.5,0.0,-122.25,203.75
4759-4761,EMPAQUE,295,46,15.59322033898305,0.0,0.0,0.0,0.0,4340.5,60081.56666900012,958689.0,4340.5,0.0,-6510.75,10851.25
4759-4761,HONORA,295,34,11.525423728813559,0.0,0.0,9941.5,43326.0,144787.5,846032.9000000004,4342595.0,134846.0,42786.0,-192327.5,347056.5
4759-4761,COMISION,295,66,22.372881355932204,0.0,0.0,0.0,0.0,0.0,105033.30000000028,1168504.0,0.0,0.0,0.0,0.0
4759-4761,ARRIENDO,295,42,14.23728813559322,0.0,0.0,36000.0,138978.0,402288.0,2779900.2000000044,25171750.0,366288.0,121237.0,-513432.0,951720.0
4759-4761,SEGURO,295,42,14.23728813559322,0.0,0.0,1751.5,8643.0,31922.5,259698.20000000007,5032986.0,30171.0,8643.0,-43505.0,77179.0
4759-4761,ASEO,295,45,15.254237288135593,0.0,0.0,771.0,5630.0,28941.5,321841.8666900002,6107618.0,28170.5,5630.0,-41484.75,71197.25
4759-4761,ENERGIA,295,39,13.220338983050848,0.0,1465.5,11097.0,26820.0,77445.0,597733.3000000003,4295835.0,66348.0,22180.0,-88425.0,176967.0
4759-4761,COMUNICA,295,44,14.915254237288135,0.0,44.100000000000065,3806.0,10545.0,30844.5,256034.6000000002,3147899.0,27038.5,8139.0,-36751.75,71402.25
4759-4761,PUBLICO,295,25,8.474576271186441,0.0,148.8,1815.0,4052.0,10137.5,44569.09999900008,173164.0,8322.5,2749.0,-10668.75,22621.25
4759-4761,FLETES,295,48,16.271186440677965,0.0,0.0,578.0,11000.0,75240.5,1264500.0,46088076.0,74662.5,11000.0,-111415.75,187234.25
4759-4761,PUBLICI,295,50,16.949152542372882,0.0,0.0,0.0,4377.0,40850.0,1019837.5000000006,8756710.0,40850.0,4377.0,-61275.0,102125.0
4759-4761,ADECUA,295,45,15.254237288135593,0.0,0.0,3781.0,20839.0,78629.93333500001,1189402.0000000012,27698747.0,74848.93333500001,20839.0,-108492.40000250001,190903.33333750002
4759-4761,REGALA,295,21,7.11864406779661,0.0,0.0,0.0,0.0,0.0,680.4000000000005,25647.0,0.0,0.0,0.0,0.0
4759-4761,OUTSOURCING,295,42,14.23728813559322,0.0,0.0,0.0,0.0,0.0,44380.66667,1177750.0,0.0,0.0,0.0,0.0
4759-4761,OTROS,295,48,16.271186440677965,0.0,0.0,4234.75,23196.0,102738.65,773939.1000000011,8720301.167,98503.9,23046.0,-143521.09999999998,250494.49999999997
4759-4761,SUELDOS,295,30,10.169491525423728,0.0,71035.20000000001,222711.5,463965.0,1228020.5,7142883.0,26645161.0,1005309.0,309030.0,-1285252.0,2735984.0
4759-4761,PRESTAC,295,34,11.525423728813559,0.0,25067.300000000003,93114.0,188725.0,485874.0,2650240.0,11114366.67,392760.0,124405.0,-496026.0,1075014.0
4759-4761,VENTA,295,34,11.525423728813559,0.0,468851.80000000005,2148606.8614999996,4973543.0,14501209.335,88307843.14500012,455234071.3,12352602.473500002,3921777.0,-16380296.848750006,33030113.045250006
4759-4761,AGREGA,295,41,13.898305084745763,-263079.5,1271.7000000000016,452322.75,1072327.5,3062510.0,20884910.5,112552173.2,2610187.25,803402.5,-3462958.125,6977790.875
4759-4761,PERREMUN,295,29,9.830508474576272,0.0,4.0,10.0,19.2,47.5,217.7000000000001,802.0,37.5,11.2,-46.25,103.75
4759-4761,SOCIOS,295,64,21.694915254237287,0.0,0.0,0.0,0.0,0.0,2.0,5.0,0.0,0.0,0.0,0.0
4759-4761,PERSONOM,295,36,12.203389830508474,0.0,0.0,5.0,13.0,31.0,217.10000000000008,678.6666667,26.0,11.0,-34.0,70.0
4759-4761,DIRECTO,295,43,14.576271186440678,0.0,0.0,0.0,0.0,9.0,61.60000000000002,283.0,9.0,0.0,-13.5,22.5
4759-4761,AGENCIA,295,49,16.610169491525422,0.0,0.0,0.0,0.0,0.0,19.66666667,151.0,0.0,0.0,0.0,0.0
4759-4761,APRENDIZ,295,33,11.186440677966102,0.0,0.0,0.0,0.0,1.0,4.300000000000011,36.0,1.0,0.0,-1.5,2.5
4759-4761,TOTPERSO,295,29,9.830508474576272,0.0,4.700000000000001,11.0,22.0,51.5,234.30000000000024,856.0,40.5,13.0,-49.75,112.25
4759-4761,PROMUJ,295,33,11.186440677966102,0.0,0.0,0.0,0.0,0.0,1.0,3.0,0.0,0.0,0.0,0.0
4759-4761,PROHOM,295,46,15.59322033898305,0.0,0.0,0.0,0.0,0.0,1.0,3.0,0.0,0.0,0.0,0.0
4759-4761,PERMUJ,295,31,10.508474576271187,0.0,0.0,2.0,7.0,15.833333334999999,131.3333333,289.0,13.833333334999999,6.0,-18.7500000025,36.583333337499994
4759-4761,PERHOM,295,37,12.542372881355933,0.0,0.0,1.5,5.0,13.5,88.0,513.6666667,12.0,5.0,-16.5,31.5
4759-4761,DIRMUJ,295,41,13.898305084745763,0.0,0.0,0.0,0.0,5.0,33.0,160.0,5.0,0.0,-7.5,12.5
4759-4761,DIRHOM,295,52,17.627118644067796,0.0,0.0,0.0,0.0,3.0,29.30000000000001,137.0,3.0,0.0,-4.5,7.5
4759-4761,AGEMUJ,295,46,15.59322033898305,0.0,0.0,0.0,0.0,0.0,9.099999999900003,68.0,0.0,0.0,0.0,0.0
4759-4761,AGEHOM,295,46,15.59322033898305,0.0,0.0,0.0,0.0,0.0,10.099999999000003,107.0,0.0,0.0,0.0,0.0
4759-4761,APRENMUJ,295,18,6.101694915254237,0.0,0.0,0.0,0.0,1.0,3.0,31.0,1.0,0.0,-1.5,2.5
4759-4761,APRENHOM,295,71,24.06779661016949,0.0,0.0,0.0,0.0,0.0,2.0,10.0,0.0,0.0,0.0,0.0
4759-4761,TOTMUJ,295,33,11.186440677966102,0.0,2.0,6.0,12.0,25.5,160.10000000000008,476.0,19.5,7.0,-23.25,54.75
4759-4761,TOTHOM,295,27,9.152542372881356,0.0,0.7000000000000011,4.0,9.0,23.0,97.1000000000003,562.6666667,19.0,6.0,-24.5,51.5
4759-4761,SUEPLAN,295,42,14.23728813559322,0.0,0.0,123866.0,322767.0,801733.0,6019899.300000007,25708234.67,677867.0,264590.4,-892934.5,1818533.5
4759-4761,PREPLAN,295,30,10.169491525423728,0.0,14693.7,51709.0,101337.0,268778.0,1470174.0,5709078.333,217069.0,66096.0,-273894.5,594381.5
4759-4761,REMPLAN,295,42,14.23728813559322,0.0,0.0,152055.5,395076.0,977243.0,7287660.733100008,31256666.0,825187.5,319475.0,-1085725.75,2215024.25
4759-4761,COTIZA,295,30,10.169491525423728,0.0,9338.312,34748.020000000004,75260.08,215810.72,1012749.947,4746414.92,181062.7,51207.32000000001,-236846.03000000003,487404.77
4759-4761,GASAGEN,295,49,16.610169491525422,0.0,0.0,0.0,0.0,0.0,568827.5000000006,6010766.0,0.0,0.0,0.0,0.0
4759-4761,REMTEMP,295,47,15.932203389830509,0.0,0.0,0.0,0.0,156155.0,1260184.8331000006,5282199.0,156155.0,0.0,-234232.5,390387.5
4759-4761,TOTREM,295,31,10.508474576271187,0.0,94011.08400000002,287388.61335,620247.28,1590818.293,9331696.613,36749405.25,1303429.67965,414224.16000000003,-1667755.906125,3545962.812475
4759-4761,INVINI,295,32,10.847457627118644,0.0,8098.8,362245.0,1114171.0,3007605.5,15209513.700000001,1312015985.0,2645360.5,959906.0,-3605795.75,6975646.25
4759-4761,INVFIN,295,36,12.203389830508474,0.0,0.0,381358.0,1265989.0,3392801.0,22188857.900000032,1099746931.0,3011443.0,1105110.0,-4135806.5,7909965.5
4759-4761,ROTACION,295,27,9.152542372881356,0.0,106257.40000000001,1139656.0,3096997.0,9473344.5,41961691.500000045,271219186.1,8333688.5,2595909.0,-11360876.75,21973877.25
4759-4761,INVPRO,295,37,12.542372881355933,0.0,9550.600000000006,407688.5,1216974.5,3191536.75,20555586.300000023,1205881458.0,2783848.25,1024259.5,-3768083.875,7367309.125
4759-4761,CTO,295,28,9.491525423728813,0.0,160409.7,1190765.0,3181252.0,9592651.5,49092666.30000017,271219186.0,8401886.5,2612379.0,-11412064.75,22195481.25
4759-4761,CTOINS,295,28,9.491525423728813,0.0,160409.7,1190765.0,3222511.0,9592651.5,49092666.30000017,272069211.0,8401886.5,2653638.0,-11412064.75,22195481.25
4759-4761,GASTOS,295,29,9.830508474576272,0.0,364252.7,1505448.0,3891816.0,11654035.5,64622678.600000076,355831782.0,10148587.5,3090975.0,-13717433.25,26876916.75
4759-4761,GASTOSNOP,295,43,14.576271186440678,0.0,0.0,15023.0,97079.0,386611.0,4649524.700000002,20661000.0,371588.0,94766.0,-542359.0,943993.0
4759-4761,GASTOPNOP,295,28,9.491525423728813,0.0,518522.7,2093710.5,4990756.8,14666003.0,77230188.70000005,414134985.0,12572292.5,3808113.8,-16764728.25,33524441.75
462,CIMREP,1482,15,1.0121457489878543,0.0,0.0,0.0,0.0,0.0,0.0,2917180.667,0.0,0.0,0.0,0.0
462,BRUTA,1482,163,10.998650472334683,-1109483.0,37125.499999999956,1200439.0,2911951.0,6960248.25,30894437.650000032,1143468454.0,5759809.25,2158512.0,-7439274.875,15599962.125
462,CONSUI,1482,169,11.403508771929825,0.0,31371.1,300768.625,854224.25,2339396.75,13117312.500000015,310791498.0,2038628.125,661317.75,-2757173.5625,5397338.9375
462,GAS,1482,288,19.4331983805668,0.0,0.0,0.0,0.0,174.75,7633.700000000008,428945.0,174.75,0.0,-262.125,436.875
462,EMPAQUE,1482,265,17.881241565452093,0.0,0.0,0.0,0.0,27431.25,607986.9500000001,19314200.0,27431.25,0.0,-41146.875,68578.125
462,HONORA,1482,167,11.26855600539811,0.0,0.0,23579.5,60932.5,164272.5,895508.7500000005,63918110.0,140693.0,50382.5,-187460.0,375312.0
462,COMISION,1482,310,20.917678812415655,0.0,0.0,0.0,0.0,0.0,177463.65000000026,69193473.0,0.0,0.0,0.0,0.0
462,ARRIENDO,1482,163,10.998650472334683,0.0,0.0,16056.75,75417.0,232594.75,1114177.5000000002,17478046.0,216538.0,73066.0,-308750.25,557401.75
462,SEGURO,1482,172,11.605937921727396,0.0,0.0,4527.0,22370.0,63333.0,282382.4500000002,2078844.0,58806.0,21124.5,-83682.0,151542.0
462,ASEO,1482,229,15.452091767881242,0.0,0.0,265.25,5191.0,25733.5,222166.1500000003,3539000.0,25468.25,5191.0,-37937.125,63935.875
462,ENERGIA,1482,171,11.538461538461538,0.0,1.0,8403.75,25748.5,85031.5,414414.6500000002,4776463.0,76627.75,21722.5,-106537.875,199973.125
462,COMUNICA,1482,166,11.201079622132253,0.0,0.0,4714.25,11359.5,24995.5,114900.85000000005,25480332.0,20281.25,8200.5,-25707.625,55417.375
462,PUBLICO,1482,162,10.931174089068826,0.0,1.0,1319.25,3198.0,8927.75,36355.90000000001,786145.0,7608.5,2478.0,-10093.5,20340.5
462,FLETES,1482,174,11.740890688259109,0.0,0.0,8126.25,96028.5,580778.0,3546856.7500000023,184714269.0,572651.75,96028.5,-850851.375,1439755.625
462,PUBLICI,1482,266,17.94871794871795,0.0,0.0,0.0,100.0,16836.25,743555.4500000015,162802678.0,16836.25,100.0,-25254.375,42090.625
462,ADECUA,1482,156,10.526315789473685,0.0,0.0,10871.0,47601.5,166316.0,696358.0000000001,12334236.0,155445.0,45616.0,-222296.5,399483.5
462,REGALA,1482,31,2.0917678812415654,0.0,0.0,0.0,0.0,0.0,0.0,25738046.0,0.0,0.0,0.0,0.0
462,OUTSOURCING,1482,186,12.550607287449393,0.0,0.0,0.0,0.0,0.0,124649.35000000008,45401952.0,0.0,0.0,0.0,0.0
462,OTROS,1482,161,10.863697705802968,0.0,0.0,14314.625,65503.0,214391.625,1067203.8500000003,55922529.0,200077.0,62057.75,-285800.875,514507.125
462,SUELDOS,1482,153,10.323886639676113,0.0,0.0,273746.25,625926.5,1333592.25,5146355.700000001,65664455.0,1059846.0,435528.0,-1316022.75,2923361.25
462,PRESTAC,1482,147,9.919028340080972,0.0,0.0,111147.5,252830.0,569433.75,2093513.8000000005,33456021.0,458286.25,175809.0,-576281.875,1256863.125
462,VENTA,1482,153,10.323886639676113,0.0,551782.3499999999,7728643.08625,18409900.79,44899483.3575,190214243.48500004,5115803611.0,37170840.27125,13825644.648,-48027617.320625,100655743.764375
462,AGREGA,1482,157,10.59379217273954,-16684048.0,0.0,700438.5,1828266.5,4445504.125,19802906.500000007,836231360.5,3745065.625,1462696.5,-4917159.9375,10063102.5625
462,PERREMUN,1482,118,7.96221322537112,0.0,0.0,11.0,23.0,52.0,164.80000000000018,1310.0,41.0,15.0,-50.5,113.5
462,SOCIOS,1482,353,23.819163292847502,0.0,0.0,0.0,0.0,0.0,2.0,70.0,0.0,0.0,0.0,0.0
462,PERSONOM,1482,120,8.097165991902834,0.0,0.0,5.0,15.0,38.0,127.0,1208.0,33.0,13.5,-44.5,87.5
462,DIRECTO,1482,332,22.402159244264507,0.0,0.0,0.0,0.0,3.0,66.95000000000005,964.0,3.0,0.0,-4.5,7.5
462,AGENCIA,1482,238,16.059379217273953,0.0,0.0,0.0,0.0,0.0,30.950000000000045,336.0,0.0,0.0,0.0,0.0
462,APRENDIZ,1482,66,4.4534412955465585,0.0,0.0,0.0,0.0,2.0,5.0,55.0,2.0,0.0,-3.0,5.0
462,TOTPERSO,1482,128,8.63697705802969,0.0,1.0,13.0,26.0,60.0,195.80000000000018,1425.0,47.0,17.0,-57.5,130.5
462,PROMUJ,1482,205,13.832658569500675,0.0,0.0,0.0,0.0,0.0,1.0,10.0,0.0,0.0,0.0,0.0
462,PROHOM,1482,271,18.286099865047234,0.0,0.0,0.0,0.0,0.0,1.0,60.0,0.0,0.0,0.0,0.0
462,PERMUJ,1482,164,11.06612685560054,0.0,0.0,2.0,6.0,14.0,56.950000000000045,556.0,12.0,5.0,-16.0,32.0
462,PERHOM,1482,122,8.232118758434549,0.0,0.0,2.0,9.0,22.75,74.95000000000005,652.0,20.75,9.0,-29.125,53.875
462,DIRMUJ,1482,321,21.65991902834008,0.0,0.0,0.0,0.0,1.0,24.950000000000045,452.0,1.0,0.0,-1.5,2.5
462,DIRHOM,1482,353,23.819163292847502,0.0,0.0,0.0,0.0,1.0,41.950000000000045,512.0,1.0,0.0,-1.5,2.5
462,AGEMUJ,1482,215,14.507422402159245,0.0,0.0,0.0,0.0,0.0,13.0,200.0,0.0,0.0,0.0,0.0
462,AGEHOM,1482,215,14.507422402159245,0.0,0.0,0.0,0.0,0.0,16.0,229.0,0.0,0.0,0.0,0.0
462,APRENMUJ,1482,99,6.680161943319838,0.0,0.0,0.0,0.0,1.0,3.0,30.0,1.0,0.0,-1.5,2.5
462,APRENHOM,1482,75,5.060728744939271,0.0,0.0,0.0,0.0,1.0,2.9500000000000455,26.0,1.0,0.0,-1.5,2.5
462,TOTMUJ,1482,143,9.649122807017545,0.0,0.0,4.0,10.0,23.0,87.0,704.0,19.0,7.0,-24.5,51.5
462,TOTHOM,1482,131,8.83940620782726,0.0,0.0,7.0,15.0,34.0,114.95000000000005,732.0,27.0,10.0,-33.5,74.5
462,SUEPLAN,1482,150,10.121457489878543,0.0,0.0,141944.25,452778.5,1080346.5,4518501.050000007,65199838.0,938402.25,399864.0,-1265659.125,2487949.875
462,PREPLAN,1482,148,9.986504723346828,0.0,0.0,59763.25,136058.5,298078.5,1058015.7,16316809.0,238315.25,94383.0,-297709.625,655551.375
462,REMPLAN,1482,151,10.1889338731444,0.0,0.0,176086.0,553292.5,1315899.25,5447046.450000002,81516647.0,1139813.25,486186.5,-1533633.875,3025619.125
462,COTIZA,1482,146,9.851551956815115,0.0,0.0,43648.880000000005,102788.54,233328.39,913922.4860000003,14260036.96,189679.51,72983.62,-240870.385,517847.655
462,GASAGEN,1482,238,16.059379217273953,0.0,0.0,0.0,0.0,0.0,982344.1000000027,10098711.0,0.0,0.0,0.0,0.0
462,REMTEMP,1482,334,22.53711201079622,0.0,0.0,0.0,0.0,56870.0,1507656.55,20641896.0,56870.0,0.0,-85305.0,142175.0
462,TOTREM,1482,151,10.1889338731444,0.0,0.0,367030.04,820931.0,1805877.7,6870521.330000003,95776683.96,1438847.66,569272.8,-1791241.4499999997,3964149.1899999995
462,INVINI,1482,151,10.1889338731444,0.0,0.0,261357.75,1139976.0,3844106.0,19699170.450000014,479597924.0,3582748.25,1097821.5,-5112764.625,9218228.375
462,INVFIN,1482,176,11.875843454790823,0.0,0.0,243106.0,1127760.0,3985181.75,23341927.00000001,479597924.0,3742075.75,1104323.5,-5370007.625,9598295.375
462,ROTACION,1482,148,9.986504723346828,0.0,0.0,5104351.75,14472784.5,36525924.75,165600404.20000005,3972335157.0,31421573.0,11804316.5,-42028007.75,83658284.25
462,INVPRO,1482,177,11.94331983805668,0.0,0.0,303178.375,1209991.25,3917727.0,19993800.35000003,479597924.0,3614548.625,1140261.25,-5118644.5625,9339549.9375
462,CTO,1482,150,10.121457489878543,0.0,280006.6,6015487.5,15052972.5,36937542.0,165600404.20000005,3972335157.0,30922054.5,11730943.5,-40367594.25,83320623.75
462,CTOINS,1482,150,10.121457489878543,0.0,280006.6,6015487.5,15052972.5,36937542.0,165600404.20000005,3972335157.0,30922054.5,11730943.5,-40367594.25,83320623.75
462,GASTOS,1482,151,10.1889338731444,0.0,430047.85,6853585.75,16432252.0,41001105.5,174043983.1500001,4272268747.0,34147519.75,12658065.5,-44367693.875,92222385.125
462,GASTOSNOP,1482,188,12.685560053981106,0.0,0.0,38766.25,185478.0,767976.25,6041260.650000002,191796014.0,729210.0,179284.0,-1055048.75,1861791.25
462,GASTOPNOP,1482,152,10.256410256410257,0.0,634277.8,7698608.0,18023771.0,44174181.25,189122523.15000007,4381499884.0,36475573.25,13430081.5,-47014751.875,98887541.125
453,CIMREP,478,84,17.573221757322177,0.0,0.0,0.0,0.0,0.0,446497.54999999946,7083110.0,0.0,0.0,0.0,0.0
453,BRUTA,478,45,9.414225941422593,-168133.0,310527.9,1171071.5,2683955.0,6274433.5,20394665.79999999,112097934.3,5103362.0,1932253.0,-6483971.5,13929476.5
453,CONSUI,478,53,11.087866108786612,0.0,56174.85,270756.375,661048.0,1572150.5,5653307.724999999,34934544.83,1301394.125,490428.5,-1681334.8125,3524241.6875
453,GAS,478,101,21.12970711297071,0.0,0.0,0.0,0.0,58.75,2155.6999999999953,61195.0,58.75,0.0,-88.125,146.875
453,EMPAQUE,478,83,17.364016736401673,0.0,0.0,0.0,0.0,6662.0,76206.79999999992,494144.0,6662.0,0.0,-9993.0,16655.0
453,HONORA,478,49,10.251046025104603,0.0,0.0,28971.75,73001.5,181526.5,636911.85,4923485.0,152554.75,54050.0,-199860.375,410358.625
453,COMISION,478,87,18.200836820083683,0.0,0.0,0.0,0.0,17206.25,405770.5999999998,2711987.0,17206.25,0.0,-25809.375,43015.625
453,ARRIENDO,478,49,10.251046025104603,0.0,0.0,30751.25,112037.0,290452.5,1066366.849999998,6012890.0,259701.25,101109.0,-358800.625,680004.375
453,SEGURO,478,44,9.205020920502092,0.0,0.0,5316.25,21275.0,58666.75,217999.09999999995,916623.3333,53350.5,19803.5,-74709.5,138692.5
453,ASEO,478,71,14.853556485355648,0.0,0.0,2552.75,6872.5,22086.0,122096.89999999995,1105614.0,19533.25,6253.0,-26747.125,51385.875
453,ENERGIA,478,39,8.158995815899582,0.0,1662.9000000000003,9081.5,19449.0,41595.25,138140.19999999998,972735.6667,32513.75,12391.0,-39689.125,90365.875
453,COMUNICA,478,54,11.297071129707113,0.0,1263.15,7913.25,15378.5,28577.25,134372.04999999996,733096.6667,20664.0,9176.5,-23082.75,59573.25
453,PUBLICO,478,42,8.786610878661088,0.0,516.15,2329.5,4693.0,8793.0,25393.849999999984,89296.0,6463.5,2920.5,-7365.75,18488.25
453,FLETES,478,58,12.133891213389122,0.0,0.0,7087.75,47174.5,245301.75,1380772.6499999985,8975930.0,238214.0,46238.5,-350233.25,602622.75
453,PUBLICI,478,76,15.899581589958158,0.0,0.0,0.0,7366.0,45286.0,592693.5499999998,2815306.667,45286.0,7366.0,-67929.0,113215.0
453,ADECUA,478,52,10.878661087866108,0.0,0.0,8996.25,36782.0,104922.25,439828.75,2878496.333,95926.0,33501.0,-134892.75,248811.25
453,REGALA,478,18,3.7656903765690375,0.0,0.0,0.0,0.0,0.0,0.0,919401.0,0.0,0.0,0.0,0.0
453,OUTSOURCING,478,91,19.03765690376569,0.0,0.0,0.0,0.0,0.0,108855.19999999974,10547944.0,0.0,0.0,0.0,0.0
453,OTROS,478,50,10.460251046025105,0.0,425.0750000000005,14099.0,59757.25,156502.5,575132.7999999997,5175374.833,142403.5,52734.5,-199506.25,370107.75
453,SUELDOS,478,41,8.577405857740585,0.0,109327.50000000001,325398.25,683125.0,1440410.5,4651692.049999999,28263466.0,1115012.25,441356.0,-1347120.125,3112928.875
453,PRESTAC,478,42,8.786610878661088,0.0,42561.40000000001,128831.75,281193.0,614939.5,1848630.4999999998,9455494.0,486107.75,184362.5,-600329.875,1344101.125
453,VENTA,478,52,10.878661087866108,0.0,777919.9500000001,3622596.356,8726819.8115,18925404.6325,76310303.35,428793676.0,15302808.2765,6159692.8465,-19331616.05875,41879617.04725
453,AGREGA,478,42,8.786610878661088,-2768433.5,146486.37500000003,834049.75,1911796.25,4800114.75,15001041.33,77163389.5,3966065.0,1466619.0,-5115047.75,10749212.25
453,PERREMUN,478,47,9.832635983263598,0.0,5.0,12.0,20.5,39.0,112.89999999999986,482.6666667,27.0,10.5,-28.5,79.5
453,SOCIOS,478,83,17.364016736401673,0.0,0.0,0.0,0.0,0.0,2.0,6.0,0.0,0.0,0.0,0.0
453,PERSONOM,478,49,10.251046025104603,0.0,0.0,9.0,15.0,29.75,100.0,435.6666667,20.75,9.0,-22.125,60.875
453,DIRECTO,478,117,24.476987447698743,0.0,0.0,0.0,0.0,0.0,47.0,301.0,0.0,0.0,0.0,0.0
453,AGENCIA,478,54,11.297071129707113,0.0,0.0,0.0,0.0,0.0,8.0,74.33333333,0.0,0.0,0.0,0.0
453,APRENDIZ,478,42,8.786610878661088,0.0,0.0,0.0,0.0,1.0,4.0,19.0,1.0,0.0,-1.5,2.5
453,TOTPERSO,478,49,10.251046025104603,0.0,5.0,13.0,22.0,41.0,115.04999999999984,574.0,28.0,12.0,-29.0,83.0
453,PROMUJ,478,47,9.832635983263598,0.0,0.0,0.0,0.0,0.0,1.0,3.0,0.0,0.0,0.0,0.0
453,PROHOM,478,66,13.807531380753138,0.0,0.0,0.0,0.0,0.0,1.0,4.0,0.0,0.0,0.0,0.0
453,PERMUJ,478,50,10.460251046025105,0.0,0.0,2.0,5.0,9.0,33.14999999999998,145.0,7.0,3.0,-8.5,19.5
453,PERHOM,478,47,9.832635983263598,0.0,0.0,5.25,10.0,20.0,71.14999999999998,300.3333333,14.75,7.0,-16.875,42.125
453,DIRMUJ,478,108,22.594142259414227,0.0,0.0,0.0,0.0,0.0,15.0,98.0,0.0,0.0,0.0,0.0
453,DIRHOM,478,113,23.640167364016737,0.0,0.0,0.0,0.0,0.0,33.14999999999998,203.0,0.0,0.0,0.0,0.0
453,AGEMUJ,478,41,8.577405857740585,0.0,0.0,0.0,0.0,0.0,3.0,17.0,0.0,0.0,0.0,0.0
453,AGEHOM,478,45,9.414225941422593,0.0,0.0,0.0,0.0,0.0,5.149999999999977,57.33333333,0.0,0.0,0.0,0.0
453,APRENMUJ,478,11,2.301255230125523,0.0,0.0,0.0,0.0,1.0,2.0,7.0,1.0,0.0,-1.5,2.5
453,APRENHOM,478,23,4.811715481171548,0.0,0.0,0.0,0.0,1.0,2.0,17.0,1.0,0.0,-1.5,2.5
453,TOTMUJ,478,49,10.251046025104603,0.0,1.0,4.0,7.0,13.0,40.14999999999998,173.3333333,9.0,4.0,-9.5,26.5
453,TOTHOM,478,49,10.251046025104603,0.0,3.0,8.0,14.0,29.0,82.29999999999995,400.6666667,21.0,7.0,-23.5,60.5
453,SUEPLAN,478,45,9.414225941422593,0.0,0.0,222128.25,540958.0,1219865.25,3990984.1999999983,27857110.0,997737.0,393593.5,-1274477.25,2716470.75
453,PREPLAN,478,41,8.577405857740585,0.0,21230.300000000003,69211.0,149338.5,315567.5,943682.649999999,4313880.667,246356.5,97059.5,-300323.75,685102.25
453,REMPLAN,478,45,9.414225941422593,0.0,0.0,266407.0,673038.0,1475038.0,4691520.6499999985,32085062.0,1208631.0,484465.0,-1546539.5,3287984.5
453,COTIZA,478,39,8.158995815899582,0.0,16295.248000000001,52675.42,112922.38,264557.01,785550.9459999991,4412332.0,211881.59000000003,74713.98000000001,-265146.965,582379.395
453,GASAGEN,478,54,11.297071129707113,0.0,0.0,0.0,0.0,0.0,279456.0999999997,2785275.333,0.0,0.0,0.0,0.0
453,REMTEMP,478,117,24.476987447698743,0.0,0.0,0.0,0.0,0.0,1529870.299999999,7335635.0,0.0,0.0,0.0,0.0
453,TOTREM,478,41,8.577405857740585,0.0,148418.458,434070.38,909870.56,1933753.25,5876876.231999984,36691612.0,1499682.87,579114.48,-1815453.9250000003,4183277.555
453,INVINI,478,53,11.087866108786612,0.0,123750.30000000002,980369.25,2775487.0,5648473.75,23634405.299999975,90678411.33,4668104.5,2035574.5,-6021787.5,12650630.5
453,INVFIN,478,48,10.0418410041841,0.0,45791.450000000004,1005462.75,2610276.5,6146514.25,23207828.199999973,1636772635.0,5141051.5,1940486.0,-6706114.5,13858091.5
453,ROTACION,478,54,11.297071129707113,0.0,269726.9000000002,2249802.514,5968440.0,13064529.0025,56219858.70449998,316629724.3,10814726.488499999,4327664.5,-13972287.218749998,29286618.735249996
453,INVPRO,478,49,10.251046025104603,0.0,133947.325,996985.0,2679399.25,5931616.0,24559723.19999999,819331616.5,4934631.0,1941583.75,-6404961.5,13333562.5
453,CTO,478,54,11.297071129707113,0.0,408194.5000000002,2284627.5,5968440.0,13064529.0,56219858.69999998,316629724.3,10779901.5,4304864.5,-13885224.75,29234381.25
453,CTOINS,478,54,11.297071129707113,0.0,429568.6000000002,2295232.75,6033197.5,13217277.25,56289801.14999997,316695741.7,10922044.5,4361665.5,-14087834.0,29600344.0
453,GASTOS,478,53,11.087866108786612,0.0,590371.7500000003,2764000.0,6937802.0,14689516.25,62808985.19999997,353503474.3,11925516.25,4978124.5,-15124274.375,32577790.625
453,GASTOSNOP,478,56,11.715481171548117,0.0,595.850000000001,65288.25,225345.0,719673.0,4432032.749999999,20284550.0,654384.75,204170.0,-916288.875,1701250.125
453,GASTOPNOP,478,53,11.087866108786612,0.0,866622.75,3394245.25,8451316.5,18386910.25,72749990.89999993,395109640.7,14992665.0,5922231.0,-19094752.25,40875907.75
4752,CIMREP,266,10,3.7593984962406015,0.0,0.0,0.0,0.0,0.0,0.0,396271.0,0.0,0.0,0.0,0.0
4752,BRUTA,266,28,10.526315789473685,0.0,254828.5,594814.75,1155567.0,2384201.5,7637955.5,612297351.7,1789386.75,669590.0,-2089265.375,5068281.625
4752,CONSUI,266,31,11.654135338345865,0.0,46092.5,133029.0,286076.75,586554.875,2440481.25,239093095.7,453525.875,182050.5,-547259.8125,1266843.6875
4752,GAS,266,56,21.05263157894737,0.0,0.0,0.0,0.0,50.75,2496.25,39728.0,50.75,0.0,-76.125,126.875
4752,EMPAQUE,266,33,12.406015037593985,0.0,0.0,0.0,539.0,3860.0,26842.75,1612851.333,3860.0,539.0,-5790.0,9650.0
4752,HONORA,266,31,11.654135338345865,0.0,0.0,13090.75,33217.5,68298.0,265806.25,15410559.67,55207.25,23411.0,-69720.125,151108.875
4752,COMISION,266,60,22.55639097744361,0.0,0.0,0.0,0.0,0.0,71550.25,15205725.0,0.0,0.0,0.0,0.0
4752,ARRIENDO,266,30,11.278195488721805,0.0,0.0,15767.5,65304.0,166745.25,900296.25,15029809.0,150977.75,62882.5,-210699.125,393211.875
4752,SEGURO,266,20,7.518796992481203,0.0,0.0,1297.75,8313.0,24762.5,72447.0,3781413.0,23464.75,8313.0,-33899.375,59959.625
4752,ASEO,266,29,10.902255639097744,0.0,0.0,93.0,2581.0,7791.75,46383.5,16294794.0,7698.75,2581.0,-11455.125,19339.875
4752,ENERGIA,266,27,10.150375939849624,0.0,3448.25,7148.0,14458.5,30996.5,140951.6667,16183128.33,23848.5,9006.0,-28624.75,66769.25
4752,COMUNICA,266,28,10.526315789473685,0.0,489.75,3437.75,6892.0,13283.0,44797.0,11689055.0,9845.25,4239.5,-11330.125,28050.875
4752,PUBLICO,266,24,9.022556390977444,0.0,420.0,1671.75,2869.0,5727.0,16660.25,899522.3333,4055.25,1733.5,-4411.125,11809.875
4752,FLETES,266,26,9.774436090225564,0.0,0.0,1884.5,15315.5,62696.25,469630.3333,45346427.67,60811.75,15313.5,-89333.125,153913.875
4752,PUBLICI,266,40,15.037593984962406,0.0,0.0,0.0,1100.0,9538.25,109198.0,13189331.67,9538.25,1100.0,-14307.375,23845.625
4752,ADECUA,266,32,12.030075187969924,0.0,0.0,5495.25,23293.0,71568.5,339203.25,13644713.67,66073.25,22216.0,-93614.625,170678.375
4752,REGALA,266,16,6.015037593984962,0.0,0.0,0.0,0.0,0.0,319.75,16340.66667,0.0,0.0,0.0,0.0
4752,OUTSOURCING,266,34,12.781954887218046,0.0,0.0,0.0,0.0,0.0,31928.25,600242.0,0.0,0.0,0.0,0.0
4752,OTROS,266,29,10.902255639097744,0.0,0.0,6018.75,19224.0,50529.375,231857.625,8174094.667,44510.625,16162.25,-60747.1875,117295.3125
4752,SUELDOS,266,25,9.398496240601503,0.0,75092.75,198707.0,336887.0,605160.0,1674952.0,100233478.0,406453.0,161514.5,-410972.5,1214839.5
4752,PRESTAC,266,26,9.774436090225564,0.0,31868.5,82348.25,138356.0,243478.25,633004.25,44033820.33,161130.0,68670.5,-159346.75,485173.25
4752,VENTA,266,25,9.398496240601503,0.0,915418.75,2713039.5,5377013.9065000005,10907307.0,33108917.33,2130957258.0,8194267.5,3115019.6730000004,-9578361.75,23198708.25
4752,AGREGA,266,29,10.902255639097744,-163267.0,129660.125,448966.25,871046.0,1706075.667,5455151.125,373204256.0,1257109.417,515711.25,-1436697.8754999998,3591739.7924999995
4752,PERREMUN,266,21,7.894736842105263,0.0,3.25,10.0,15.0,25.0,76.0,2831.333333,15.0,6.0,-12.5,47.5
4752,SOCIOS,266,6,2.255639097744361,0.0,0.0,0.0,0.0,1.0,2.0,4.0,1.0,0.0,-1.5,2.5
4752,PERSONOM,266,20,7.518796992481203,0.0,0.0,4.25,11.0,18.0,61.5,2721.0,13.75,7.0,-16.375,38.625
4752,DIRECTO,266,31,11.654135338345865,0.0,0.0,0.0,0.0,8.0,37.75,139.0,8.0,0.0,-12.0,20.0
4752,AGENCIA,266,27,10.150375939849624,0.0,0.0,0.0,0.0,0.0,9.25,162.0,0.0,0.0,0.0,0.0
4752,APRENDIZ,266,11,4.135338345864661,0.0,0.0,0.0,0.0,1.0,2.0,129.3333333,1.0,0.0,-1.5,2.5
4752,TOTPERSO,266,25,9.398496240601503,0.0,5.25,10.0,16.0,27.0,78.0,3122.666667,17.0,6.5,-15.5,52.5
4752,PROMUJ,266,45,16.917293233082706,0.0,0.0,0.0,0.0,0.0,1.0,3.0,0.0,0.0,0.0,0.0
4752,PROHOM,266,55,20.67669172932331,0.0,0.0,0.0,0.0,0.0,1.0,3.0,0.0,0.0,0.0,0.0
4752,PERMUJ,266,19,7.142857142857143,0.0,0.0,1.0,4.0,8.0,21.33333333,1023.333333,7.0,3.0,-9.5,18.5
4752,PERHOM,266,19,7.142857142857143,0.0,0.0,2.0,7.0,11.0,34.0,1697.666667,9.0,5.0,-11.5,24.5
4752,DIRMUJ,266,32,12.030075187969924,0.0,0.0,0.0,0.0,3.0,16.0,45.0,3.0,0.0,-4.5,7.5
4752,DIRHOM,266,35,13.157894736842104,0.0,0.0,0.0,0.0,4.0,19.75,107.0,4.0,0.0,-6.0,10.0
4752,AGEMUJ,266,24,9.022556390977444,0.0,0.0,0.0,0.0,0.0,3.75,43.66666667,0.0,0.0,0.0,0.0
4752,AGEHOM,266,25,9.398496240601503,0.0,0.0,0.0,0.0,0.0,6.0,118.3333333,0.0,0.0,0.0,0.0
4752,APRENMUJ,266,59,22.18045112781955,0.0,0.0,0.0,0.0,0.0,1.333333333,83.0,0.0,0.0,0.0,0.0
4752,APRENHOM,266,45,16.917293233082706,0.0,0.0,0.0,0.0,0.0,1.0,46.33333333,0.0,0.0,0.0,0.0
4752,TOTMUJ,266,23,8.646616541353383,0.0,1.0,3.0,6.0,10.66666667,31.75,1195.0,7.66666667,3.0,-8.500000005,22.166666675000002
4752,TOTHOM,266,23,8.646616541353383,0.0,3.0,6.0,10.0,16.0,52.0,1927.666667,10.0,4.0,-9.0,31.0
4752,SUEPLAN,266,24,9.022556390977444,0.0,0.0,120835.75,249275.5,474337.75,1360692.75,95682693.67,353502.0,171483.5,-409417.25,1004590.75
4752,PREPLAN,266,24,9.022556390977444,0.0,15694.0,43201.25,71795.0,131399.75,329485.5,24077460.33,88198.5,36504.0,-89096.5,263697.5
4752,REMPLAN,266,24,9.022556390977444,0.0,0.0,147742.25,300835.5,570537.0,1671012.0,119166348.0,422794.75,210901.0,-486449.875,1204729.125
4752,COTIZA,266,25,9.398496240601503,0.0,13708.560000000001,31962.699999999997,55908.24,102535.45999999999,287565.33,17330367.31,70572.76,28987.28,-73896.43999999999,208394.59999999998
4752,GASAGEN,266,27,10.150375939849624,0.0,0.0,0.0,0.0,0.0,276299.0,4966251.0,0.0,0.0,0.0,0.0
4752,REMTEMP,266,33,12.406015037593985,0.0,0.0,0.0,0.0,147199.5,772594.5,3127711.0,147199.5,0.0,-220799.25,367998.75
4752,TOTREM,266,28,10.526315789473685,0.0,102718.31,266678.87,452388.26,768219.03,2077236.45,139367490.3,501540.16000000003,224104.42,-485631.37,1520529.27
4752,INVINI,266,23,8.646616541353383,0.0,44675.5,600220.5,1244997.5,2289969.25025,6346316.5,384984646.0,1689748.75025,721331.0,-1934402.6253749998,4824592.375624999
4752,INVFIN,266,19,7.142857142857143,0.0,56761.25,632811.5,1217509.0,2653118.0,8190390.5,1147817576.0,2020306.5,766310.5,-2397648.25,5683577.75
4752,ROTACION,266,24,9.022556390977444,0.0,434102.75,1893138.75,4064064.5,8378086.75,26094602.5025,1518622008.0,6484948.0,2558180.0,-7834283.25,18105508.75
4752,INVPRO,266,23,8.646616541353383,0.0,113969.875,665221.875,1261536.75,2403737.625,7420453.375,575603061.5,1738515.75,718089.0,-1942551.75,5011511.25
4752,CTO,266,24,9.022556390977444,0.0,544908.75,1902485.75,4084632.0,8410427.5,26094602.5025,1518622008.0,6507941.75,2572240.5,-7859426.875,18172340.125
4752,CTOINS,266,24,9.022556390977444,0.0,593866.25,1902485.75,4084632.0,8410427.5,26094602.5025,1518659906.0,6507941.75,2501625.5,-7859426.875,18172340.125
4752,GASTOS,266,24,9.022556390977444,0.0,714236.5,2131834.0,4514449.5,9297387.75,28888880.2525,1733856295.0,7165553.75,2723518.0,-8616496.625,20045718.375
4752,GASTOSNOP,266,31,11.654135338345865,0.0,0.0,19422.0,59422.5,165816.25,927861.25,49711962.67,146394.25,54222.5,-200169.375,385407.625
4752,GASTOPNOP,266,22,8.270676691729323,0.0,935999.25,2627254.75,5016060.0,10505760.75,31894429.0,1953959147.0,7878506.0,2921352.0,-9190504.25,22323519.75
464,CIMREP,1398,33,2.3605150214592276,0.0,0.0,0.0,0.0,0.0,0.0,19921962.0,0.0,0.0,0.0,0.0
464,BRUTA,1398,184,13.161659513590845,-968997.0,247514.70000000004,1464369.0,3899141.5,10823189.75,67609165.99999988,530624874.7,9358820.75,3094278.5,-12573862.125,24861420.875
464,CONSUI,1398,188,13.447782546494993,0.0,63671.000000000015,370920.375,1015685.25,2952635.0,21040375.349999994,255827453.0,2581714.625,819582.5,-3501651.5625,6825206.9375
464,GAS,1398,260,18.59799713876967,0.0,0.0,0.0,0.0,101.75,2285.0,668204.3333,101.75,0.0,-152.625,254.375
464,EMPAQUE,1398,204,14.592274678111588,0.0,0.0,0.0,1487.5,25420.0,334031.4499999991,6382984.0,25420.0,1487.5,-38130.0,63550.0
464,HONORA,1398,165,11.802575107296137,0.0,0.0,32576.5,93783.5,348138.5,2537624.899999993,96767043.0,315562.0,80766.5,-440766.5,821481.5
464,COMISION,1398,287,20.529327610872674,0.0,0.0,0.0,0.0,6567.75,330803.84999999776,39234643.0,6567.75,0.0,-9851.625,16419.375
464,ARRIENDO,1398,160,11.444921316165951,0.0,0.0,32421.25,130349.0,396473.25,2247602.149999999,61024953.0,364052.0,122202.5,-513656.75,942551.25
464,SEGURO,1398,160,11.444921316165951,0.0,0.0,7092.25,25348.5,80981.25,462818.34999999945,10944918.0,73889.0,23301.5,-103741.25,191814.75
464,ASEO,1398,207,14.806866952789699,0.0,0.0,1358.25,6733.0,30195.5,330694.2499999998,8184368.0,28837.25,6733.0,-41897.625,73451.375
464,ENERGIA,1398,168,12.017167381974248,0.0,480.2000000000001,7531.5,20671.0,61412.75,293495.9499999987,12283826.0,53881.25,16575.0,-73290.375,142234.625
464,COMUNICA,1398,180,12.875536480686696,0.0,575.3000000000005,6808.5,17108.0,45145.25,334932.3499999999,24348861.0,38336.75,13215.0,-50696.625,102650.375
464,PUBLICO,1398,163,11.659513590844062,0.0,1.8500000000000085,1517.5,3664.0,8263.0,37366.14999999973,825264.0,6745.5,2617.0,-8600.75,18381.25
464,FLETES,1398,172,12.303290414878397,0.0,0.0,14014.75,109878.0,494445.25,3412530.149999996,53455672.0,480430.5,109202.5,-706631.0,1215091.0
464,PUBLICI,1398,232,16.59513590844063,0.0,0.0,0.0,7621.5,103405.75,4679597.899999998,93212955.33,103405.75,7621.5,-155108.625,258514.375
464,ADECUA,1398,167,11.945636623748213,0.0,0.0,8233.75,35213.5,146340.5,938593.8499999973,14629478.0,138106.75,34523.5,-198926.375,353500.625
464,REGALA,1398,99,7.081545064377682,0.0,0.0,0.0,0.0,0.0,4642.449999999959,70526312.0,0.0,0.0,0.0,0.0
464,OUTSOURCING,1398,273,19.527896995708154,0.0,0.0,0.0,0.0,0.0,570156.2999999966,78263892.0,0.0,0.0,0.0,0.0
464,OTROS,1398,173,12.374821173104435,0.0,0.0,17041.375,81951.0,350403.75,3013414.4749999954,27798745.5,333362.375,78510.5,-483002.1875,850447.3125
464,SUELDOS,1398,166,11.874105865522175,0.0,80000.65000000007,339465.0,859156.5,2208200.5,12689742.399999997,143243066.0,1868735.5,646671.0,-2463638.25,5011303.75
464,PRESTAC,1398,166,11.874105865522175,0.0,31178.35000000001,136656.25,349666.0,932264.75,5187121.749999994,51000906.0,795608.5,260739.0,-1056756.5,2125677.5
464,VENTA,1398,169,12.088698140200286,0.0,882939.8870300001,5232546.83025,14084206.715,37940714.635,232545146.02499956,3052948399.0,32708167.80475,11212245.167,-43829704.876875,87002966.342125
464,AGREGA,1398,170,12.160228898426324,-9444685.0,43184.40000000003,896584.875,2722246.75,7763057.75,48668786.49999993,324395537.3,6866472.875,2219314.75,-9403124.4375,18062767.0625
464,PERREMUN,1398,156,11.158798283261802,0.0,2.8500000000000085,12.0,25.0,58.0,215.74999999999932,3611.0,46.0,16.0,-57.0,127.0
464,SOCIOS,1398,242,17.310443490701,0.0,0.0,0.0,0.0,0.0,2.0,9.0,0.0,0.0,0.0,0.0
464,PERSONOM,1398,152,10.872675250357654,0.0,0.0,7.25,18.0,46.0,188.0,2862.333333,38.75,15.0,-50.875,104.125
464,DIRECTO,1398,297,21.244635193133046,0.0,0.0,0.0,0.0,2.0,57.149999999999864,2318.0,2.0,0.0,-3.0,5.0
464,AGENCIA,1398,313,22.38912732474964,0.0,0.0,0.0,0.0,0.0,32.0,617.0,0.0,0.0,0.0,0.0
464,APRENDIZ,1398,103,7.367668097281832,0.0,0.0,0.0,1.0,2.0,7.0,108.3333333,2.0,1.0,-3.0,5.0
464,TOTPERSO,1398,155,11.087267525035765,0.0,4.0,13.0,29.0,67.0,258.14999999999986,3707.0,54.0,19.0,-68.0,148.0
464,PROMUJ,1398,140,10.014306151645208,0.0,0.0,0.0,0.0,0.0,1.0,6.0,0.0,0.0,0.0,0.0
464,PROHOM,1398,187,13.376251788268956,0.0,0.0,0.0,0.0,0.0,1.0,4.0,0.0,0.0,0.0,0.0
464,PERMUJ,1398,151,10.801144492131616,0.0,0.0,3.0,9.0,24.0,105.14999999999986,2034.0,21.0,8.0,-28.5,55.5
464,PERHOM,1398,147,10.515021459227468,0.0,0.0,3.0,9.0,21.0,84.29999999999973,1347.0,18.0,7.0,-24.0,48.0
464,DIRMUJ,1398,297,21.244635193133046,0.0,0.0,0.0,0.0,1.0,29.0,1704.0,1.0,0.0,-1.5,2.5
464,DIRHOM,1398,286,20.457796852646638,0.0,0.0,0.0,0.0,1.0,30.149999999999864,614.0,1.0,0.0,-1.5,2.5
464,AGEMUJ,1398,283,20.243204577968527,0.0,0.0,0.0,0.0,0.0,17.149999999999864,337.0,0.0,0.0,0.0,0.0
464,AGEHOM,1398,271,19.38483547925608,0.0,0.0,0.0,0.0,0.0,12.0,280.0,0.0,0.0,0.0,0.0
464,APRENMUJ,1398,144,10.300429184549357,0.0,0.0,0.0,0.0,1.0,4.0,79.66666667,1.0,0.0,-1.5,2.5
464,APRENHOM,1398,115,8.226037195994278,0.0,0.0,0.0,0.0,1.0,4.0,73.33333333,1.0,0.0,-1.5,2.5
464,TOTMUJ,1398,156,11.158798283261802,0.0,1.0,6.0,14.0,34.0,162.0,2959.0,28.0,10.0,-36.0,76.0
464,TOTHOM,1398,150,10.729613733905579,0.0,1.0,6.0,14.0,30.75,120.29999999999973,1604.0,24.75,10.0,-31.125,67.875
464,SUEPLAN,1398,166,11.874105865522175,0.0,0.0,228069.25,676197.0,1875182.0,11126437.499999981,127167430.0,1647112.75,571469.5,-2242599.875,4345851.125
464,PREPLAN,1398,163,11.659513590844062,0.0,15168.45,75683.25,177702.0,477020.25,2383486.149999999,29613414.0,401337.0,131017.0,-526322.25,1079025.75
464,REMPLAN,1398,164,11.7310443490701,0.0,0.0,278927.0,820595.0,2294038.25,13147008.65,140999964.3,2015111.25,692386.0,-2743739.875,5316705.125
464,COTIZA,1398,174,12.446351931330472,0.0,11865.254000000004,53096.75,144014.56,385294.45,2209916.1479999814,30519328.99,332197.7,108946.4,-445199.80000000005,883591.0
464,GASAGEN,1398,313,22.38912732474964,0.0,0.0,0.0,0.0,0.0,1240133.499999998,19164248.0,0.0,0.0,0.0,0.0
464,REMTEMP,1398,312,22.317596566523605,0.0,0.0,0.0,0.0,38125.75,1490195.249999999,51941513.0,38125.75,0.0,-57188.625,95314.375
464,TOTREM,1398,164,11.7310443490701,0.0,99390.19,462888.36,1156676.72,3043466.15,17129821.35999999,186058852.7,2580577.79,864243.52,-3407978.325,6914332.835
464,INVINI,1398,156,11.158798283261802,0.0,68792.8,1017356.25,2899871.0,7992226.5,46749863.99999999,1241764906.0,6974870.25,2347851.5,-9444949.125,18454531.875
464,INVFIN,1398,162,11.587982832618026,0.0,38005.30000000002,1020480.5,2977689.5,8376854.333,55320150.09999979,983850868.0,7356373.833,2441506.5,-10014080.249499999,19411415.0825
464,ROTACION,1398,164,11.7310443490701,0.0,318534.15,3226478.0,9404519.0095,26491851.25,153966539.59999967,2718419160.0,23265373.25,7685888.0,-31671581.875,61389911.125
464,INVPRO,1398,155,11.087267525035765,0.0,101298.37500000006,1092328.625,2964261.5,8196468.75,49752009.94999983,963343066.0,7104140.125,2348224.0,-9563881.5625,18852678.9375
464,CTO,1398,164,11.7310443490701,0.0,457288.3000000001,3346421.75,9508194.0,26793146.25,153966539.59999967,2718419160.0,23446724.5,7746149.5,-31823665.0,61963233.0
464,CTOINS,1398,165,11.802575107296137,0.0,457288.3000000001,3346421.75,9508194.0,26793146.25,153966539.59999967,2718419160.0,23446724.5,7746149.5,-31823665.0,61963233.0
464,GASTOS,1398,164,11.7310443490701,0.0,715097.7000000002,4020510.0,11220904.0,31202215.5,179788377.7499998,2899066441.0,27181705.5,9015143.0,-36752048.25,71974773.75
464,GASTOSNOP,1398,192,13.733905579399142,0.0,0.0,73596.25,362544.5,1520655.5,12797531.499999952,1217898593.0,1447059.25,343908.0,-2096992.625,3691244.375
464,GASTOPNOP,1398,168,12.017167381974248,0.0,1021846.3500000002,4942812.5,13537891.5,36799283.5,219444923.49999973,3039935741.0,31856471.0,10646568.5,-42841894.0,84583990.0
454,CIMREP,215,43,20.0,0.0,0.0,0.0,0.0,18027.5,650915.0999999997,4839091.0,18027.5,0.0,-27041.25,45068.75
454,BRUTA,215,17,7.906976744186046,-1776.0,121628.70000000008,1141794.5,2820550.0,5345710.5,18208522.29999999,78668275.33,4203916.0,2020152.0,-5164079.5,11651584.5
454,CONSUI,215,18,8.372093023255815,0.0,47817.60000000001,297867.25,783823.0,1639540.75,5055404.54999999,35263280.83,1341673.5,550554.0,-1714643.0,3652051.0
454,GAS,215,43,20.0,0.0,0.0,0.0,0.0,31.0,672.1999999999952,6218.0,31.0,0.0,-46.5,77.5
454,EMPAQUE,215,50,23.25581395348837,0.0,0.0,0.0,0.0,345.0,69226.49999999965,557452.0,345.0,0.0,-517.5,862.5
454,HONORA,215,15,6.976744186046512,0.0,0.0,20349.0,66758.0,182768.5,633403.7999999997,3576099.0,162419.5,51905.0,-223280.25,426397.75
454,COMISION,215,41,19.069767441860463,0.0,0.0,0.0,0.0,44814.33333,747262.5999999989,1675731.0,44814.33333,0.0,-67221.499995,112035.83332500001
454,ARRIENDO,215,19,8.837209302325581,0.0,0.0,43790.0,190278.3333,416634.0,1405131.9999999988,8641404.0,372844.0,155404.3333,-515476.0,975900.0
454,SEGURO,215,25,11.627906976744185,0.0,0.0,3919.5,15132.33333,38470.5,183748.99999999983,648138.0,34551.0,13211.33333,-47907.0,90297.0
454,ASEO,215,21,9.767441860465116,0.0,0.0,2767.5,10455.0,30083.0,134684.09999999966,1070879.0,27315.5,9155.0,-38205.75,71056.25
454,ENERGIA,215,21,9.767441860465116,0.0,2910.7000000000007,17287.5,35267.0,68011.5,269435.1999999995,882059.0,50724.0,22683.0,-58798.5,144097.5
454,COMUNICA,215,23,10.69767441860465,0.0,360.50000000000057,7583.5,16002.0,37720.0,113117.29999999993,563479.0,30136.5,11749.0,-37621.25,82924.75
454,PUBLICO,215,21,9.767441860465116,0.0,313.8,2469.0,5307.0,10799.5,30580.099999999984,163429.3333,8330.5,3366.0,-10026.75,23295.25
454,FLETES,215,28,13.023255813953488,0.0,0.0,5048.0,18827.0,88581.5,782267.5999999937,8287052.333,83533.5,18667.0,-120252.25,213881.75
454,PUBLICI,215,26,12.093023255813954,0.0,0.0,3138.5,35137.33333,96368.5,467074.99999999953,4872362.667,93230.0,34642.33333,-136706.5,236213.5
454,ADECUA,215,20,9.30232558139535,0.0,0.0,11209.0,40702.0,136626.5,541925.6999999996,2987731.0,125417.5,38162.0,-176917.25,324752.75
454,REGALA,215,16,7.441860465116279,0.0,0.0,0.0,0.0,0.0,673.5999999999949,19639.0,0.0,0.0,0.0,0.0
454,OUTSOURCING,215,34,15.813953488372093,0.0,0.0,0.0,0.0,0.0,111998.49999999955,1522093.0,0.0,0.0,0.0,0.0
454,OTROS,215,17,7.906976744186046,0.0,52.50000000000008,11884.5,58772.5,154996.5,481772.74999999965,2356120.5,143112.0,51615.5,-202783.5,369664.5
454,SUELDOS,215,16,7.441860465116279,0.0,74240.00000000004,257134.0,699636.0,1435419.0,4744491.399999989,25263379.67,1178285.0,481236.0,-1510293.5,3202846.5
454,PRESTAC,215,16,7.441860465116279,0.0,26614.300000000007,118324.5,295979.0,543500.5,1919822.2999999977,8291630.0,425176.0,195368.0,-519439.5,1181264.5
454,VENTA,215,18,8.372093023255815,0.0,247402.5000000001,4955419.947000001,14756500.82,25628412.205,79840331.72499979,346795578.3,20672992.257999998,10107935.18,-26054068.439999994,56637900.59199999
454,AGREGA,215,16,7.441860465116279,-339140.0,30998.800000000047,704409.75,1756149.0,3670025.25,12693082.649999993,43404994.5,2965615.5,1346424.0,-3744013.5,8118448.5
454,PERREMUN,215,19,8.837209302325581,0.0,2.700000000000001,13.0,28.0,50.0,137.49999999999991,637.6666667,37.0,16.0,-42.5,105.5
454,SOCIOS,215,52,24.186046511627907,0.0,0.0,0.0,0.0,0.0,3.0,5.0,0.0,0.0,0.0,0.0
454,PERSONOM,215,18,8.372093023255815,0.0,0.0,6.0,15.0,36.0,123.19999999999993,635.3333333,30.0,14.0,-39.0,81.0
454,DIRECTO,215,35,16.27906976744186,0.0,0.0,0.0,0.0,8.333333333,64.19999999999993,162.0,8.333333333,0.0,-12.499999999500002,20.833333332500004
454,AGENCIA,215,25,11.627906976744185,0.0,0.0,0.0,0.0,0.0,12.599999999999966,89.0,0.0,0.0,0.0,0.0
454,APRENDIZ,215,8,3.7209302325581395,0.0,0.0,0.0,1.0,2.0,5.0,20.66666667,2.0,1.0,-3.0,5.0
454,TOTPERSO,215,16,7.441860465116279,0.0,3.700000000000001,14.0,30.0,56.0,157.59999999999997,659.3333333,42.0,17.0,-49.0,119.0
454,PROMUJ,215,33,15.348837209302326,0.0,0.0,0.0,0.0,0.0,1.0,2.0,0.0,0.0,0.0,0.0
454,PROHOM,215,38,17.674418604651162,0.0,0.0,0.0,0.0,0.0,2.0,3.0,0.0,0.0,0.0,0.0
454,PERMUJ,215,17,7.906976744186046,0.0,0.0,2.0,7.0,17.0,53.599999999999966,221.0,15.0,7.0,-20.5,39.5
454,PERHOM,215,16,7.441860465116279,0.0,0.0,3.0,8.0,19.0,57.599999999999966,414.3333333,16.0,8.0,-21.0,43.0
454,DIRMUJ,215,37,17.209302325581394,0.0,0.0,0.0,0.0,3.0,29.299999999999983,64.0,3.0,0.0,-4.5,7.5
454,DIRHOM,215,38,17.674418604651162,0.0,0.0,0.0,0.0,4.5,34.29999999999998,102.0,4.5,0.0,-6.75,11.25
454,AGEMUJ,215,23,10.69767441860465,0.0,0.0,0.0,0.0,0.0,5.599999999999966,30.0,0.0,0.0,0.0,0.0
454,AGEHOM,215,22,10.232558139534884,0.0,0.0,0.0,0.0,0.0,8.599999999999966,69.0,0.0,0.0,0.0,0.0
454,APRENMUJ,215,11,5.116279069767442,0.0,0.0,0.0,0.0,1.0,2.299999999999983,7.0,1.0,0.0,-1.5,2.5
454,APRENHOM,215,21,9.767441860465116,0.0,0.0,0.0,0.0,1.0,4.0,13.66666667,1.0,0.0,-1.5,2.5
454,TOTMUJ,215,15,6.976744186046512,0.0,0.0,6.0,13.0,27.5,68.29999999999998,229.6666667,21.5,8.0,-26.25,59.75
454,TOTHOM,215,19,8.837209302325581,0.0,1.0,7.0,17.0,28.5,99.89999999999995,429.6666667,21.5,10.0,-25.25,60.75
454,SUEPLAN,215,16,7.441860465116279,0.0,0.0,169712.0,447085.0,1114680.0,3664505.899999995,24891537.0,944968.0,400012.0,-1247740.0,2532132.0
454,PREPLAN,215,16,7.441860465116279,0.0,13534.800000000008,59528.5,158731.0,295116.5,1029208.999999999,3948868.667,235588.0,106817.0,-293853.5,648498.5
454,REMPLAN,215,15,6.976744186046512,0.0,0.0,201554.5,541497.0,1365328.5,4430286.999999995,28828885.67,1163774.0,484239.0,-1544106.5,3110989.5
454,COTIZA,215,17,7.906976744186046,0.0,12078.948000000002,46079.16,113248.32,221710.97999999998,731318.9479999982,3755155.387,175631.81999999998,76884.80000000002,-217368.56999999998,485158.70999999996
454,GASAGEN,215,25,11.627906976744185,0.0,0.0,0.0,0.0,0.0,373500.5999999989,2368468.0,0.0,0.0,0.0,0.0
454,REMTEMP,215,37,17.209302325581394,0.0,0.0,0.0,0.0,171352.0,1637753.1999999993,4652298.0,171352.0,0.0,-257028.0,428380.0
454,TOTREM,215,16,7.441860465116279,0.0,98182.34400000004,345254.8,948682.32,1898458.88,5995146.507999982,32648953.72,1553204.0799999998,639373.1599999999,-1984551.3199999996,4228265.0
454,INVINI,215,24,11.162790697674419,0.0,68329.50000000003,954969.0,1809680.0,4100545.5,16503825.299999999,817739152.0,3145576.5,1225276.0,-3763395.75,8818910.25
454,INVFIN,215,28,13.023255813953488,0.0,26795.000000000015,736738.0,1669412.0,3422697.5,18910486.799999993,1062689823.0,2685959.5,1197752.0,-3292201.25,7451636.75
454,ROTACION,215,18,8.372093023255815,0.0,118834.70000000001,3914077.0,11795644.0,20877411.0,62878596.09999989,264538947.5,16963334.0,8557898.02,-21530924.0,46322412.0
454,INVPRO,215,27,12.55813953488372,0.0,99706.1,870314.75,1784334.0,3843444.25,17885057.549999986,940214487.3,2973129.5,1152891.5,-3589379.5,8303138.5
454,CTO,215,18,8.372093023255815,0.0,118834.70000000001,3914077.0,11795644.0,20877411.0,62878596.09999989,264538947.3,16963334.0,8557898.0,-21530924.0,46322412.0
454,CTOINS,215,16,7.441860465116279,0.0,132716.40000000002,3914077.0,11795644.0,21157798.0,62878596.09999989,268127303.0,17243721.0,8600961.0,-21951504.5,47023379.5
454,GASTOS,215,17,7.906976744186046,0.0,237518.00000000006,4377763.5,12877650.0,22743730.5,67542038.79999983,302521404.3,18365967.0,9020912.0,-23171187.0,50292681.0
454,GASTOSNOP,215,20,9.30232558139535,0.0,0.0,48031.5,180512.0,565687.5,2601335.199999999,20022943.0,517656.0,164312.0,-728452.5,1342171.5
454,GASTOPNOP,215,17,7.906976744186046,0.0,372512.70000000007,5050027.0,14865059.0,25628096.5,74691424.39999968,358547147.7,20578069.5,10111214.0,-25817077.25,56495200.75
473,CIMREP,949,63,6.638566912539515,0.0,0.0,0.0,0.0,0.0,8476.799999999963,1808731.0,0.0,0.0,0.0,0.0
473,BRUTA,949,84,8.851422550052687,-67997.0,200597.2,891731.0,1522659.0,2639716.0,7137384.599999999,149205231.7,1747985.0,749736.0,-1730246.5,5261693.5
473,CONSUI,949,75,7.903055848261328,0.0,83908.1,276600.0,504103.0,927643.0,2473463.599999995,70711682.67,651043.0,273862.5,-699964.5,1904207.5
473,GAS,949,234,24.65753424657534,0.0,0.0,0.0,0.0,0.0,2919.199999999982,998725.0,0.0,0.0,0.0,0.0
473,EMPAQUE,949,53,5.584826132771338,0.0,0.0,0.0,0.0,0.0,94.99999999999773,185632.0,0.0,0.0,0.0,0.0
473,HONORA,949,86,9.062170706006322,0.0,0.0,23253.0,53154.0,109015.0,337946.1999999997,3294025.667,85762.0,36209.0,-105390.0,237658.0
473,COMISION,949,87,9.167544783983141,0.0,0.0,0.0,0.0,0.0,14909.399999999949,399010.0,0.0,0.0,0.0,0.0
473,ARRIENDO,949,131,13.804004214963118,0.0,0.0,0.0,5196.0,72000.0,507222.5999999998,7812159.0,72000.0,5196.0,-108000.0,180000.0
473,SEGURO,949,102,10.748155953635406,0.0,0.0,3676.0,12400.0,28272.0,107659.99999999997,764239.3333,24596.0,10993.0,-33218.0,65166.0
473,ASEO,949,154,16.227608008429925,0.0,0.0,825.0,5312.0,23555.0,156777.99999999997,6680876.0,22730.0,5312.0,-33270.0,57650.0
473,ENERGIA,949,98,10.326659641728135,0.0,2932.800000000002,27030.0,48000.0,99790.0,367992.7999999997,9902503.0,72760.0,28087.0,-82110.0,208930.0
473,COMUNICA,949,98,10.326659641728135,0.0,0.4000000000000057,2946.0,5685.0,11662.0,43061.59999999998,949454.0,8716.0,3765.0,-10128.0,24736.0
473,PUBLICO,949,85,8.956796628029505,0.0,4.600000000000051,2345.0,5644.0,13721.0,48429.79999999993,1175869.0,11376.0,4228.0,-14719.0,30785.0
473,FLETES,949,106,11.169652265542677,0.0,0.0,7288.0,54237.0,145518.0,682633.7999999986,20998580.0,138230.0,52641.0,-200057.0,352863.0
473,PUBLICI,949,151,15.911485774499473,0.0,0.0,0.0,1435.0,11449.0,106348.1999999998,1479667.0,11449.0,1435.0,-17173.5,28622.5
473,ADECUA,949,100,10.53740779768177,0.0,0.0,23616.0,62040.0,150561.0,557298.3999999999,8233876.0,126945.0,46631.0,-166801.5,340978.5
473,REGALA,949,26,2.73972602739726,0.0,0.0,0.0,0.0,0.0,0.0,16536193.67,0.0,0.0,0.0,0.0
473,OUTSOURCING,949,86,9.062170706006322,0.0,0.0,0.0,0.0,0.0,13400.799999999865,306495.0,0.0,0.0,0.0,0.0
473,OTROS,949,102,10.748155953635406,0.0,0.0,9900.5,31028.5,70007.0,291539.4999999998,3570759.0,60106.5,25046.5,-80259.25,160166.75
473,SUELDOS,949,84,8.851422550052687,0.0,0.0,218148.0,340840.0,611480.0,1664221.999999995,40441116.33,393332.0,159559.0,-371850.0,1201478.0
473,PRESTAC,949,87,9.167544783983141,0.0,0.0,89191.0,141519.0,247445.0,660585.7999999997,15277213.33,158254.0,68090.0,-148190.0,484826.0
473,VENTA,949,78,8.219178082191782,0.0,1107890.8000000005,8846521.547,14728655.2,25203245.0,67184950.40599996,1686429773.0,16356723.453,7256689.199999999,-15688563.632499998,49738330.1795
473,AGREGA,949,87,9.167544783983141,-341343.5,12370.600000000004,506704.0,923954.0,1744012.5,5134523.499999994,95328470.17,1237308.5,527809.0,-1349258.75,3599975.25
473,PERREMUN,949,88,9.272918861959958,0.0,0.0,10.0,14.0,23.0,63.0,1436.666667,13.0,6.0,-9.5,42.5
473,SOCIOS,949,215,22.655426765015807,0.0,0.0,0.0,0.0,0.0,2.0,121.0,0.0,0.0,0.0,0.0
473,PERSONOM,949,60,6.322444678609062,0.0,0.0,4.0,12.0,19.0,46.59999999999991,1430.333333,15.0,7.0,-18.5,41.5
473,DIRECTO,949,227,23.91991570073762,0.0,0.0,0.0,0.0,1.0,30.0,559.3333333,1.0,0.0,-1.5,2.5
473,AGENCIA,949,84,8.851422550052687,0.0,0.0,0.0,0.0,0.0,8.0,398.3333333,0.0,0.0,0.0,0.0
473,APRENDIZ,949,39,4.109589041095891,0.0,0.0,0.0,0.0,1.0,2.0,44.66666667,1.0,0.0,-1.5,2.5
473,TOTPERSO,949,76,8.008429926238145,0.0,4.0,11.0,15.0,26.0,66.0,1526.0,15.0,6.0,-11.5,48.5
473,PROMUJ,949,127,13.38250790305585,0.0,0.0,0.0,0.0,0.0,1.0,29.0,0.0,0.0,0.0,0.0
473,PROHOM,949,154,16.227608008429925,0.0,0.0,0.0,0.0,0.0,1.0,92.0,0.0,0.0,0.0,0.0
473,PERMUJ,949,62,6.533192834562698,0.0,0.0,1.0,3.0,7.0,18.59999999999991,727.0,6.0,3.0,-8.0,16.0
473,PERHOM,949,57,6.006322444678609,0.0,0.0,1.0,7.0,12.0,32.59999999999991,703.3333333,11.0,5.0,-15.5,28.5
473,DIRMUJ,949,224,23.603793466807165,0.0,0.0,0.0,0.0,0.0,11.0,170.0,0.0,0.0,0.0,0.0
473,DIRHOM,949,231,24.341412012644888,0.0,0.0,0.0,0.0,0.0,20.59999999999991,419.6666667,0.0,0.0,0.0,0.0
473,AGEMUJ,949,73,7.6923076923076925,0.0,0.0,0.0,0.0,0.0,3.0,135.3333333,0.0,0.0,0.0,0.0
473,AGEHOM,949,76,8.008429926238145,0.0,0.0,0.0,0.0,0.0,5.0,263.0,0.0,0.0,0.0,0.0
473,APRENMUJ,949,182,19.17808219178082,0.0,0.0,0.0,0.0,0.0,2.0,26.66666667,0.0,0.0,0.0,0.0
473,APRENHOM,949,133,14.014752370916755,0.0,0.0,0.0,0.0,0.0,1.0,18.0,0.0,0.0,0.0,0.0
473,TOTMUJ,949,67,7.060063224446786,0.0,0.0,3.0,5.0,10.0,25.0,777.6666667,7.0,3.0,-7.5,20.5
473,TOTHOM,949,80,8.429926238145416,0.0,1.0,6.0,10.0,16.0,43.0,765.3333333,10.0,5.0,-9.0,31.0
473,SUEPLAN,949,72,7.586933614330874,0.0,0.0,107601.0,269868.0,488352.0,1450246.7999999996,39639883.0,380751.0,188091.0,-463525.5,1059478.5
473,PREPLAN,949,81,8.535300316122234,0.0,0.0,47624.0,76850.0,129510.0,339946.5999999999,7567353.0,81886.0,36950.0,-75205.0,252339.0
473,REMPLAN,949,72,7.586933614330874,0.0,0.0,129121.0,329127.0,593528.0,1714507.9999999993,47178483.33,464407.0,228729.0,-567489.5,1290138.5
473,COTIZA,949,87,9.167544783983141,0.0,0.0,36305.12,56879.64,101506.84,292011.328,6770987.107,65201.719999999994,26637.320000000007,-61497.459999999985,199309.41999999998
473,GASAGEN,949,84,8.851422550052687,0.0,0.0,0.0,0.0,0.0,271946.3999999994,14102175.33,0.0,0.0,0.0,0.0
473,REMTEMP,949,230,24.236037934668072,0.0,0.0,0.0,0.0,13262.0,636289.3999999986,16180179.67,13262.0,0.0,-19893.0,33155.0
473,TOTREM,949,79,8.324552160168599,0.0,0.0,289789.28,459472.48,798318.36,2166930.9999999995,54113030.77,508529.07999999996,215088.03999999998,-473004.33999999985,1561111.98
473,INVINI,949,105,11.06427818756586,0.0,0.0,123408.0,226772.0,444806.0,2102491.9999999916,270900000.0,321398.0,129012.0,-358689.0,926903.0
473,INVFIN,949,92,9.69441517386723,0.0,0.0,130400.0,238425.0,487540.0,1947329.7999999975,242676830.0,357140.0,143109.0,-405310.0,1023250.0
473,ROTACION,949,76,8.008429926238145,0.0,146871.60000000015,7888369.0,12921294.0,22471910.0,58664843.1999998,1537224390.0,14583541.0,6345376.0,-13986942.5,44347221.5
473,INVPRO,949,102,10.748155953635406,0.0,2490.6000000000013,135211.5,233297.5,471379.0,1975192.6999999974,231056941.0,336167.5,133916.0,-369039.75,975630.25
473,CTO,949,76,8.008429926238145,0.0,415825.40000000055,7996598.0,13022371.0,22722889.0,58664843.1999998,1537224390.0,14726291.0,6247871.0,-14092838.5,44812325.5
473,CTOINS,949,76,8.008429926238145,0.0,415825.40000000055,7996598.0,13063175.0,22722889.0,58664843.1999998,1537224541.0,14726291.0,6286571.0,-14092838.5,44812325.5
473,GASTOS,949,74,7.79768177028451,0.0,766331.2000000003,8370308.0,13754014.0,23885943.0,61419385.19999999,1594951513.0,15515635.0,6731480.0,-14903144.5,47159395.5
473,GASTOSNOP,949,102,10.748155953635406,0.0,0.0,22146.0,78498.0,230204.0,1062553.9999999998,21933358.67,208058.0,69309.0,-289941.0,542291.0
473,GASTOPNOP,949,76,8.008429926238145,0.0,1276753.0000000002,8872532.0,14547570.0,24998534.0,65773617.39999996,1666337385.0,16126002.0,7149643.0,-15316471.0,49187537.0
4771-4751,CIMREP,328,3,0.9146341463414634,0.0,0.0,0.0,0.0,0.0,0.0,1800.0,0.0,0.0,0.0,0.0
4771-4751,BRUTA,328,33,10.060975609756097,-253803.0,97388.95000000001,902777.75,2160072.0,7004252.0,38382841.04999998,246982787.7,6101474.25,1692770.0,-8249433.625,16156463.375
4771-4751,CONSUI,328,36,10.975609756097562,0.0,37594.675,236237.25,738639.75,3030651.625,17114374.149999995,108704605.5,2794414.375,638027.75,-3955384.3125,7222273.1875
4771-4751,GAS,328,72,21.951219512195124,0.0,0.0,0.0,0.0,0.0,995.7999999999997,31202.0,0.0,0.0,0.0,0.0
4771-4751,EMPAQUE,328,47,14.329268292682928,0.0,0.0,0.0,7305.5,39728.75,394248.59999999934,1117375.667,39728.75,7305.5,-59593.125,99321.875
4771-4751,HONORA,328,39,11.890243902439025,0.0,0.0,9380.00000025,30577.0,126193.0,930073.599999999,11343640.0,116812.99999975,30577.0,-165839.499999375,301412.499999625
4771-4751,COMISION,328,78,23.78048780487805,0.0,0.0,0.0,0.0,0.0,304531.24999999936,4960022.0,0.0,0.0,0.0,0.0
4771-4751,ARRIENDO,328,44,13.414634146341463,0.0,0.0,55815.0,210007.5,993039.5,5413192.899999989,28640381.67,937224.5,203272.5,-1350021.75,2398876.25
4771-4751,SEGURO,328,38,11.585365853658537,0.0,0.0,3.75,7728.5,32059.0,161899.1499999998,606064.6667,32055.25,7728.5,-48079.125,80141.875
4771-4751,ASEO,328,44,13.414634146341463,0.0,0.0,522.25,5425.0,31195.25,350953.4999999988,5205118.667,30673.0,5425.0,-45487.25,77204.75
4771-4751,ENERGIA,328,26,7.926829268292683,0.0,1400.7500000000002,33179.25,123173.5,353167.0,1705252.1499999985,9259026.667,319987.75,105037.0,-446802.375,833148.625
4771-4751,COMUNICA,328,42,12.804878048780488,0.0,0.0,3127.0,9883.0,30079.25,170290.09999999928,863637.6667,26952.25,8540.5,-37301.375,70507.625
4771-4751,PUBLICO,328,39,11.890243902439025,0.0,130.95000000000002,1707.75,4683.5,11969.0,71183.59999999998,382278.0,10261.25,3636.0,-13684.125,27360.875
4771-4751,FLETES,328,53,16.158536585365855,0.0,0.0,196.25,7756.0,43324.75,626697.1999999969,4952220.333,43128.5,7756.0,-64496.5,108017.5
4771-4751,PUBLICI,328,50,15.24390243902439,0.0,0.0,0.0,14636.0,95583.25,987555.499999999,5832553.0,95583.25,14636.0,-143374.875,238958.125
4771-4751,ADECUA,328,46,14.024390243902438,0.0,0.0,2915.0,29854.0,131646.0,803260.3499999989,6684096.333,128731.0,29854.0,-190181.5,324742.5
4771-4751,REGALA,328,78,23.78048780487805,0.0,0.0,0.0,0.0,0.0,275685.5999999925,14600640.67,0.0,0.0,0.0,0.0
4771-4751,OUTSOURCING,328,49,14.939024390243903,0.0,0.0,0.0,0.0,0.0,287690.6999999998,27002272.67,0.0,0.0,0.0,0.0
4771-4751,OTROS,328,53,16.158536585365855,0.0,0.0,4772.75,35988.5,145401.8333,1443626.0249999983,7989850.5,140629.0833,34875.75,-206170.87495,356345.45825
4771-4751,SUELDOS,328,38,11.585365853658537,0.0,5548.900000000022,269458.0,545830.0,1432743.25,6557879.899999991,34948476.67,1163285.25,383832.0,-1475469.875,3177671.125
4771-4751,PRESTAC,328,39,11.890243902439025,0.0,1925.3500000000079,104073.75,223787.5,538971.0,2368782.549999996,13574667.33,434897.25,149661.5,-548272.125,1191316.875
4771-4751,VENTA,328,34,10.365853658536585,0.0,352405.65,2680790.9159999997,6275193.9684999995,19295593.7375,94663051.97299986,662419987.7,16614802.821500001,4922557.4684999995,-22241413.31625,44217797.96975
4771-4751,AGREGA,328,33,10.060975609756097,-5550138.0,0.0,547931.875,1440710.0,3767934.125,21285123.424999982,142927330.8,3220002.25,1132046.75,-4282071.5,8597937.5
4771-4751,PERREMUN,328,39,11.890243902439025,0.0,0.3500000000000014,13.0,27.0,55.25,227.99999999999955,1177.0,42.25,16.0,-50.375,118.625
4771-4751,SOCIOS,328,13,3.9634146341463414,0.0,0.0,0.0,0.0,1.0,2.0,6.0,1.0,0.0,-1.5,2.5
4771-4751,PERSONOM,328,33,10.060975609756097,0.0,0.0,1.0,12.0,31.750000002500002,143.29999999999995,1124.0,30.750000002500002,12.0,-45.12500000375,77.87500000625
4771-4751,DIRECTO,328,37,11.28048780487805,0.0,0.0,0.0,1.0,24.0,123.94999999999993,643.0,24.0,1.0,-36.0,60.0
4771-4751,AGENCIA,328,66,20.121951219512194,0.0,0.0,0.0,0.0,0.0,59.0,755.0,0.0,0.0,0.0,0.0
4771-4751,APRENDIZ,328,22,6.7073170731707314,0.0,0.0,0.0,1.0,2.0,10.0,27.0,2.0,1.0,-3.0,5.0
4771-4751,TOTPERSO,328,35,10.670731707317072,0.0,3.3500000000000014,14.0,31.0,69.25,290.3999999999992,1523.666667,55.25,20.0,-68.875,152.125
4771-4751,PROMUJ,328,54,16.463414634146343,0.0,0.0,0.0,0.0,0.0,1.0,4.0,0.0,0.0,0.0,0.0
4771-4751,PROHOM,328,65,19.817073170731707,0.0,0.0,0.0,0.0,0.0,1.0,3.0,0.0,0.0,0.0,0.0
4771-4751,PERMUJ,328,33,10.060975609756097,0.0,0.0,0.0,8.0,20.0,100.0,947.0,20.0,8.0,-30.0,50.0
4771-4751,PERHOM,328,38,11.585365853658537,0.0,0.0,0.0,3.0,10.0,57.94999999999993,310.3333333,10.0,3.0,-15.0,25.0
4771-4751,DIRMUJ,328,37,11.28048780487805,0.0,0.0,0.0,1.0,16.0,79.29999999999995,542.0,16.0,1.0,-24.0,40.0
4771-4751,DIRHOM,328,44,13.414634146341463,0.0,0.0,0.0,0.0,6.0,39.94999999999993,313.0,6.0,0.0,-9.0,15.0
4771-4751,AGEMUJ,328,64,19.51219512195122,0.0,0.0,0.0,0.0,0.0,38.66666667,602.0,0.0,0.0,0.0,0.0
4771-4751,AGEHOM,328,61,18.597560975609756,0.0,0.0,0.0,0.0,0.0,20.66666667,339.6666667,0.0,0.0,0.0,0.0
4771-4751,APRENMUJ,328,37,11.28048780487805,0.0,0.0,0.0,0.0,1.0,6.0,24.0,1.0,0.0,-1.5,2.5
4771-4751,APRENHOM,328,22,6.7073170731707314,0.0,0.0,0.0,0.0,1.0,3.6499999999999773,10.33333333,1.0,0.0,-1.5,2.5
4771-4751,TOTMUJ,328,27,8.231707317073171,0.0,1.0,10.0,21.0,49.0,156.29999999999995,1008.0,39.0,14.0,-48.5,107.5
4771-4751,TOTHOM,328,32,9.75609756097561,0.0,0.0,4.0,9.0,25.1666666675,104.29999999999995,634.3333333,21.1666666675,7.0,-27.75000000125,56.91666666875
4771-4751,SUEPLAN,328,38,11.585365853658537,0.0,0.0,21159.25,268917.5,848604.5,4876440.3499999875,33227401.0,827445.25,268917.5,-1220008.625,2089772.375
4771-4751,PREPLAN,328,35,10.670731707317072,0.0,627.2000000000025,54422.0,123190.5,297085.75,1226641.099999998,7528904.0,242663.75,81349.5,-309573.625,661081.375
4771-4751,REMPLAN,328,38,11.585365853658537,0.0,0.0,26069.5,329762.5,1033649.25,5816200.699999991,40488488.0,1007579.75,329762.5,-1485300.125,2545018.875
4771-4751,COTIZA,328,38,11.585365853658537,0.0,796.6000000000032,42055.74,89557.266665,217979.11000000002,955365.8879999992,5803907.653,175923.37000000002,60801.906665,-221829.31500000006,481864.16500000004
4771-4751,GASAGEN,328,66,20.121951219512194,0.0,0.0,0.0,0.0,0.0,1785160.9499999918,24786522.67,0.0,0.0,0.0,0.0
4771-4751,REMTEMP,328,36,10.975609756097562,0.0,0.0,0.0,17411.0,464074.0,2805959.3999999976,16325895.0,464074.0,17411.0,-696111.0,1160185.0
4771-4751,TOTREM,328,36,10.975609756097562,0.0,6345.5000000000255,346173.05000000005,714875.74,1820874.54,8212618.031999997,46543906.6,1474701.49,481838.43999999994,-1865879.1849999998,4032926.775
4771-4751,INVINI,328,49,14.939024390243903,0.0,0.0,415403.25,1299930.5,3576465.25,21662392.399999984,135397486.3,3161062.0,1137125.5,-4326189.75,8318058.25
4771-4751,INVFIN,328,47,14.329268292682928,0.0,0.0,396142.0,1318924.0,3567392.0,22888420.349999994,109463364.7,3171250.0,1234806.0,-4360733.0,8324267.0
4771-4751,ROTACION,328,37,11.28048780487805,0.0,0.0,1135336.75,3710359.5,10236719.75,55602280.84999979,415437200.0,9101383.0,3049362.5,-12516737.75,23888794.25
4771-4751,INVPRO,328,47,14.329268292682928,0.0,0.0,465923.375,1300731.0,3593316.875,22564087.124999993,122430425.5,3127393.5,1105034.5,-4225166.875,8284407.125
4771-4751,CTO,328,35,10.670731707317072,0.0,184740.40000000005,1532783.0,4210182.0,11383039.0,55934288.04999982,415437200.0,9850256.0,3337495.5,-13242601.0,26158423.0
4771-4751,CTOINS,328,35,10.670731707317072,0.0,184740.40000000005,1532783.0,4210182.0,11383039.0,55934288.04999982,415437200.0,9850256.0,3337495.5,-13242601.0,26158423.0
4771-4751,GASTOS,328,34,10.365853658536585,0.0,312671.0,2075402.5,5011358.0,15378064.5,70219071.24999978,520075390.0,13302662.0,3998159.0,-17878590.5,35332057.5
4771-4751,GASTOSNOP,328,47,14.329268292682928,0.0,0.0,10213.75,95916.5,537784.5,7578234.39999998,347053746.7,527570.75,95916.5,-781142.375,1329140.625
4771-4751,GASTOPNOP,328,38,11.585365853658537,0.0,473881.3,2767965.75,6224338.0,19258909.5,125269261.69999951,618125712.3,16490943.75,4822428.5,-21968449.875,43995325.125
451,CIMREP,201,23,11.442786069651742,0.0,0.0,42629.0,597586.0,1992935.0,8264357.0,129807652.0,1950306.0,597586.0,-2882830.0,4918394.0
451,BRUTA,201,23,11.442786069651742,0.0,538088.0,4558945.0,12598283.0,30439028.0,167062593.0,381941973.0,25880083.0,9698108.0,-34261179.5,69259152.5
451,CONSUI,201,19,9.45273631840796,0.0,216262.0,1403343.5,3949415.0,10022099.0,50948347.0,124213715.5,8618755.5,3145152.5,-11524789.75,22950232.25
451,GAS,201,18,8.955223880597014,0.0,0.0,0.0,402.0,6483.0,27758.0,82050.0,6483.0,402.0,-9724.5,16207.5
451,EMPAQUE,201,29,14.427860696517413,0.0,0.0,0.0,0.0,0.0,81643.0,476338.0,0.0,0.0,0.0,0.0
451,HONORA,201,26,12.935323383084578,0.0,1092.0,110250.0,285357.0,784956.0,4934603.0,20423816.0,674706.0,205420.0,-901809.0,1797015.0
451,COMISION,201,23,11.442786069651742,0.0,0.0,0.0,54939.0,257787.3333,1182951.0,20836728.0,257787.3333,54939.0,-386680.99994999997,644468.3332499999
451,ARRIENDO,201,12,5.970149253731344,0.0,2402.0,185785.0,669862.0,1860803.0,5045448.0,23569922.0,1675018.0,596492.0,-2326742.0,4373330.0
451,SEGURO,201,24,11.940298507462687,0.0,0.0,39522.0,117018.0,306649.0,1489480.0,7555914.0,267127.0,96495.0,-361168.5,707339.5
451,ASEO,201,19,9.45273631840796,0.0,0.0,23776.0,223835.0,537501.0,2056757.0,5244713.0,513725.0,210391.0,-746811.5,1308088.5
451,ENERGIA,201,18,8.955223880597014,0.0,2674.0,62018.0,167129.0,373300.0,1253296.0,2729074.0,311282.0,134973.0,-404905.0,840223.0
451,COMUNICA,201,25,12.437810945273633,0.0,506.0,19992.0,79104.0,182062.0,671605.0,6199151.0,162070.0,69108.0,-223113.0,425167.0
451,PUBLICO,201,19,9.45273631840796,0.0,215.0,7657.0,19942.0,49573.0,180289.0,555423.0,41916.0,15263.0,-55217.0,112447.0
451,FLETES,201,34,16.915422885572138,0.0,0.0,22956.0,110341.0,366419.0,4723468.0,18732000.67,343463.0,103937.0,-492238.5,881613.5
451,PUBLICI,201,29,14.427860696517413,0.0,0.0,120883.0,407704.0,1223007.0,9192953.0,26957160.0,1102124.0,375444.0,-1532303.0,2876193.0
451,ADECUA,201,23,11.442786069651742,0.0,754.0,69475.0,228845.0,690554.0,2333452.0,6161891.0,621079.0,195541.0,-862143.5,1622172.5
451,REGALA,201,14,6.965174129353234,0.0,0.0,0.0,0.0,0.0,3632.0,306958.6667,0.0,0.0,0.0,0.0
451,OUTSOURCING,201,42,20.895522388059703,0.0,0.0,0.0,0.0,0.0,991230.0,3754522.0,0.0,0.0,0.0,0.0
451,OTROS,201,18,8.955223880597014,0.0,3967.5,120343.5,370122.0,1138380.0,4049693.0,53382333.5,1018036.5,308934.0,-1406711.25,2665434.75
451,SUELDOS,201,19,9.45273631840796,0.0,228979.0,1262665.0,3140404.0,7863407.0,23701946.0,58159525.0,6600742.0,2438140.0,-8638448.0,17764520.0
451,PRESTAC,201,23,11.442786069651742,0.0,83992.0,497732.0,1266859.0,2944813.0,9521934.0,25510513.0,2447081.0,1009529.0,-3172889.5,6615434.5
451,VENTA,201,22,10.945273631840797,0.0,3370429.0,30710486.25,88985183.0,203245771.2,1010339220.0,2379998266.0,172535284.95,68367414.0,-228092441.17499998,462048698.625
451,AGREGA,201,23,11.442786069651742,-2882122.5,0.0,2661581.5,7434469.0,20265955.5,113168636.0,327027624.3,17604374.0,6500097.0,-23744979.5,46672516.5
451,PERREMUN,201,15,7.462686567164179,0.0,5.0,30.0,83.0,189.0,479.0,1312.0,159.0,65.0,-208.5,427.5
451,SOCIOS,201,12,5.970149253731344,0.0,0.0,0.0,0.0,0.0,1.0,5.0,0.0,0.0,0.0,0.0
451,PERSONOM,201,12,5.970149253731344,0.0,0.0,13.0,55.0,175.0,425.0,1308.0,162.0,51.0,-230.0,418.0
451,DIRECTO,201,38,18.90547263681592,0.0,0.0,0.0,0.0,14.0,148.0,649.0,14.0,0.0,-21.0,35.0
451,AGENCIA,201,47,23.383084577114428,0.0,0.0,0.0,0.0,0.0,28.0,135.0,0.0,0.0,0.0,0.0
451,APRENDIZ,201,18,8.955223880597014,0.0,0.0,1.0,3.0,6.0,18.0,37.0,5.0,3.0,-6.5,13.5
451,TOTPERSO,201,15,7.462686567164179,0.0,5.0,33.0,91.0,205.0,509.0,1337.0,172.0,70.0,-225.0,463.0
451,PROMUJ,201,5,2.487562189054726,0.0,0.0,0.0,0.0,0.0,0.0,2.0,0.0,0.0,0.0,0.0
451,PROHOM,201,10,4.975124378109452,0.0,0.0,0.0,0.0,0.0,0.0,3.0,0.0,0.0,0.0,0.0
451,PERMUJ,201,12,5.970149253731344,0.0,0.0,5.0,20.0,62.0,165.0,409.0,57.0,20.0,-80.5,147.5
451,PERHOM,201,11,5.472636815920398,0.0,0.0,7.0,32.0,106.0,255.0,926.0,99.0,30.0,-141.5,254.5
451,DIRMUJ,201,40,19.90049751243781,0.0,0.0,0.0,0.0,5.0,56.0,214.0,5.0,0.0,-7.5,12.5
451,DIRHOM,201,40,19.90049751243781,0.0,0.0,0.0,0.0,9.0,95.0,476.0,9.0,0.0,-13.5,22.5
451,AGEMUJ,201,43,21.393034825870647,0.0,0.0,0.0,0.0,0.0,11.0,85.0,0.0,0.0,0.0,0.0
451,AGEHOM,201,41,20.398009950248756,0.0,0.0,0.0,0.0,0.0,18.0,80.0,0.0,0.0,0.0,0.0
451,APRENMUJ,201,15,7.462686567164179,0.0,0.0,0.0,1.0,2.0,6.0,26.0,2.0,1.0,-3.0,5.0
451,APRENHOM,201,8,3.9800995024875623,0.0,0.0,0.0,2.0,5.0,12.0,33.0,5.0,2.0,-7.5,12.5
451,TOTMUJ,201,14,6.965174129353234,0.0,2.0,12.0,36.0,72.0,195.0,508.0,60.0,28.0,-78.0,162.0
451,TOTHOM,201,12,5.970149253731344,0.0,3.0,22.0,56.0,134.0,318.0,940.0,112.0,45.0,-146.0,302.0
451,SUEPLAN,201,18,8.955223880597014,0.0,0.0,553018.0,2225991.0,7085147.0,22381572.33,57588581.0,6532129.0,2072991.0,-9245175.5,16883340.5
451,PREPLAN,201,17,8.457711442786069,0.0,32452.0,251431.0,649918.0,1570847.0,4806043.0,11795429.0,1319416.0,522799.0,-1727693.0,3549971.0
451,REMPLAN,201,17,8.457711442786069,0.0,0.0,675794.0,2540726.0,8449561.0,25918552.67,69371205.0,7773767.0,2359416.0,-10984856.5,20110211.5
451,COTIZA,201,24,11.940298507462687,0.0,34127.24,206659.0,543475.32,1286345.56,4436853.24,11976830.0,1079686.56,422888.43999999994,-1412870.84,2905875.4000000004
451,GASAGEN,201,47,23.383084577114428,0.0,0.0,0.0,0.0,0.0,1026259.0,4696747.0,0.0,0.0,0.0,0.0
451,REMTEMP,201,34,16.915422885572138,0.0,0.0,0.0,0.0,507038.0,4674464.0,30620545.0,507038.0,0.0,-760557.0,1267595.0
451,TOTREM,201,21,10.447761194029852,0.0,310499.4,1637873.6,4341699.28,10184277.56,31910303.6,81407835.0,8546403.96,3393137.0,-11181732.340000002,23003883.5
451,INVINI,201,29,14.427860696517413,0.0,382181.0,4817049.0,12679413.0,32064647.0,303803132.0,533778103.0,27247598.0,9585874.0,-36054348.0,72936044.0
451,INVFIN,201,28,13.930348258706468,0.0,1496.0,3261051.0,10409650.0,30726202.0,236911806.0,546334769.0,27465151.0,9062002.0,-37936675.5,71923928.5
451,ROTACION,201,22,10.945273631840797,0.0,1807168.0,24349138.16,72523630.32,174326486.1,796152220.1,1956339021.0,149977347.94,56458284.31999999,-200616883.75,399292508.01
451,INVPRO,201,28,13.930348258706468,0.0,433255.0,4129067.0,11674472.5,35240564.0,263876937.0,540056436.0,31111497.0,9360157.5,-42538178.5,81907809.5
451,CTO,201,22,10.945273631840797,0.0,1807168.0,24349138.0,72523630.0,174326486.0,796152220.0,1956339021.0,149977348.0,56458284.0,-200616884.0,399292508.0
451,CTOINS,201,22,10.945273631840797,0.0,1807168.0,24901107.0,73388658.0,177191423.0,811307495.0,1998056293.0,152290316.0,57323312.0,-203534367.0,405626897.0
451,GASTOS,201,22,10.945273631840797,0.0,2712134.0,27640805.0,78028097.0,185013676.0,943837720.0,2079730204.0,157372871.0,60348172.0,-208418501.5,421072982.5
451,GASTOSNOP,201,28,13.930348258706468,0.0,18140.0,631113.0,2034112.0,5690009.0,58002373.0,355002508.0,5058896.0,1671099.0,-6957231.0,13278353.0
451,GASTOPNOP,201,22,10.945273631840797,0.0,3806180.0,30832466.0,94059388.0,207910822.0,1019179070.0,2173647308.0,177078356.0,71780828.0,-234785068.0,473528356.0
4773,CIMREP,280,6,2.142857142857143,0.0,0.0,0.0,0.0,0.0,0.0,115527.3333,0.0,0.0,0.0,0.0
4773,BRUTA,280,37,13.214285714285714,0.0,255779.5,834337.0,1800522.5,5915986.5,43422571.98350002,366494328.0,5081649.5,1256903.0,-6788137.25,13538460.75
4773,CONSUI,280,42,15.0,0.0,66001.8,232621.375,545595.25,1661754.75,24534076.67,161509312.0,1429133.375,412923.25,-1911078.6875,3805454.8125
4773,GAS,280,47,16.785714285714285,0.0,0.0,0.0,0.0,132.5,1218.8500000000001,67860.0,132.5,0.0,-198.75,331.25
4773,EMPAQUE,280,48,17.142857142857142,0.0,0.0,0.0,490.0,11477.0,350727.3666650001,4814064.0,11477.0,490.0,-17215.5,28692.5
4773,HONORA,280,34,12.142857142857142,0.0,1763.2500000000007,24000.0,57401.5,170503.75,1364120.9166500007,8373507.0,146503.75,48764.5,-195755.625,390259.375
4773,COMISION,280,60,21.428571428571427,0.0,0.0,0.0,0.0,0.0,357228.9000000005,11398579.0,0.0,0.0,0.0,0.0
4773,ARRIENDO,280,43,15.357142857142858,0.0,0.0,47360.0,140174.5,386851.75,7898206.0,72546439.0,339491.75,113044.0,-461877.625,896089.375
4773,SEGURO,280,32,11.428571428571429,0.0,0.0,3175.0,12318.5,37277.0,269847.5166650016,6699705.333,34102.0,11657.5,-47978.0,88430.0
4773,ASEO,280,44,15.714285714285714,0.0,0.0,1247.0,5676.5,18979.25,190811.1000000006,4432178.0,17732.25,5425.5,-25351.375,45577.625
4773,ENERGIA,280,43,15.357142857142858,0.0,2768.7500000000005,16745.5,33785.0,98419.25,1414517.6500000064,28139989.0,81673.75,23849.5,-105765.125,220929.875
4773,COMUNICA,280,40,14.285714285714286,0.0,2030.9,6684.75,14105.0,44138.0,345518.1500000008,4570223.0,37453.25,9938.0,-49495.125,100317.875
4773,PUBLICO,280,37,13.214285714285714,0.0,437.75,2004.5,5582.0,12403.0,63836.85000000007,1760782.0,10398.5,4250.0,-13593.25,28000.75
4773,FLETES,280,42,15.0,0.0,0.0,777.25,10148.0,101202.0,1475477.9500000002,14070493.0,100424.75,10148.0,-149859.875,251839.125
4773,PUBLICI,280,49,17.5,0.0,0.0,491.25,7818.5,76329.5,1957669.7500000016,23215870.0,75838.25,7818.5,-113266.125,190086.875
4773,ADECUA,280,37,13.214285714285714,0.0,0.0,4835.75,25880.0,96093.5,1422154.2500000002,11282919.0,91257.75,23800.0,-132050.875,232980.125
4773,REGALA,280,24,8.571428571428571,0.0,0.0,0.0,0.0,0.0,6256.600000000074,11004756.0,0.0,0.0,0.0,0.0
4773,OUTSOURCING,280,46,16.428571428571427,0.0,0.0,0.0,0.0,0.0,172395.15000000005,2911735.0,0.0,0.0,0.0,0.0
4773,OTROS,280,44,15.714285714285714,0.0,395.9750000000001,7312.75,28645.75,101440.625,1020241.6000000006,5655580.0,94127.875,26924.75,-133879.0625,242632.4375
4773,SUELDOS,280,36,12.857142857142858,0.0,90337.70000000001,249707.5,547354.5,1542447.0,11232818.33,172150888.0,1292739.5,371457.5,-1689401.75,3481556.25
4773,PRESTAC,280,35,12.5,0.0,31333.0,105668.25,215842.0,621135.75,4510087.516650001,65358078.0,515467.5,154661.0,-667533.0,1394337.0
4773,VENTA,280,27,9.642857142857142,0.0,1000829.6,3088777.37075,6963028.1365,19042666.322499998,121136500.3,1294846538.0,15953888.95175,4841091.0,-20842056.056875,42973499.750125
4773,AGREGA,280,37,13.214285714285714,-2741555.5,98825.42500000002,509688.75,1199845.5,3693283.25,16603216.325000001,204985016.0,3183594.5,868672.75,-4265703.0,8468675.0
4773,PERREMUN,280,34,12.142857142857142,0.0,4.0,12.0,23.5,57.0,328.500000000001,5866.0,45.0,14.5,-55.5,124.5
4773,SOCIOS,280,66,23.571428571428573,0.0,0.0,0.0,0.0,0.0,2.0,15.0,0.0,0.0,0.0,0.0
4773,PERSONOM,280,32,11.428571428571429,0.0,0.0,6.0,14.0,41.0,141.7666666350001,5573.0,35.0,12.0,-46.5,93.5
4773,DIRECTO,280,43,15.357142857142858,0.0,0.0,0.0,0.0,9.0,110.25000000000028,1952.0,9.0,0.0,-13.5,22.5
4773,AGENCIA,280,52,18.571428571428573,0.0,0.0,0.0,0.0,0.0,31.0,256.0,0.0,0.0,0.0,0.0
4773,APRENDIZ,280,26,9.285714285714286,0.0,0.0,0.0,0.666666667,2.0,12.33333333,144.0,2.0,0.666666667,-3.0,5.0
4773,TOTPERSO,280,37,13.214285714285714,0.0,6.0,13.0,25.0,59.25,426.3333333,6059.0,46.25,14.5,-56.375,128.625
4773,PROMUJ,280,43,15.357142857142858,0.0,0.0,0.0,0.0,0.0,1.0,10.0,0.0,0.0,0.0,0.0
4773,PROHOM,280,52,18.571428571428573,0.0,0.0,0.0,0.0,0.0,1.0,5.0,0.0,0.0,0.0,0.0
4773,PERMUJ,280,30,10.714285714285714,0.0,0.0,3.0,8.0,26.0,106.53333333500012,2023.0,23.0,7.0,-31.5,60.5
4773,PERHOM,280,28,10.0,0.0,0.0,1.0,6.0,15.0,57.30000000000007,3550.0,14.0,5.0,-20.0,36.0
4773,DIRMUJ,280,43,15.357142857142858,0.0,0.0,0.0,0.0,5.25,63.15000000000026,802.3333333,5.25,0.0,-7.875,13.125
4773,DIRHOM,280,54,19.285714285714285,0.0,0.0,0.0,0.0,2.0,47.150000000000034,1149.666667,2.0,0.0,-3.0,5.0
4773,AGEMUJ,280,47,16.785714285714285,0.0,0.0,0.0,0.0,0.0,21.05000000000001,223.0,0.0,0.0,0.0,0.0
4773,AGEHOM,280,48,17.142857142857142,0.0,0.0,0.0,0.0,0.0,13.0,44.0,0.0,0.0,0.0,0.0
4773,APRENMUJ,280,38,13.571428571428571,0.0,0.0,0.0,0.0,1.0,7.0,110.0,1.0,0.0,-1.5,2.5
4773,APRENHOM,280,24,8.571428571428571,0.0,0.0,0.0,0.0,1.0,5.0166666666500035,34.0,1.0,0.0,-1.5,2.5
4773,TOTMUJ,280,37,13.214285714285714,0.0,2.0,8.0,13.5,36.25,308.3333333,2228.0,28.25,8.5,-34.375,78.625
4773,TOTHOM,280,37,13.214285714285714,0.0,1.0,5.0,10.0,24.0,118.0,3831.0,19.0,7.0,-23.5,52.5
4773,SUEPLAN,280,36,12.857142857142858,0.0,0.0,147593.0,350967.5,1208555.5,5618013.45,163902345.0,1060962.5,299662.0,-1443850.75,2799999.25
4773,PREPLAN,280,35,12.5,0.0,16449.55,55535.25,109833.5,333331.0,2242314.5,34571551.0,277795.75,78803.0,-361158.375,750024.625
4773,REMPLAN,280,35,12.5,0.0,0.0,179147.0,423190.0,1454560.25,6771984.85,197158131.0,1275413.25,371899.5,-1733972.875,3367680.125
4773,COTIZA,280,34,12.142857142857142,0.0,13036.232,40648.36,87812.5,252399.25,1976363.0260000005,26710295.4,211750.89,62648.12,-276977.97500000003,570025.585
4773,GASAGEN,280,52,18.571428571428573,0.0,0.0,0.0,0.0,0.0,959632.6000000008,9228268.0,0.0,0.0,0.0,0.0
4773,REMTEMP,280,41,14.642857142857142,0.0,0.0,0.0,0.0,161832.0,2862186.450000004,36278896.67,161832.0,0.0,-242748.0,404580.0
4773,TOTREM,280,34,12.142857142857142,0.0,110809.448,324652.82,703590.6,2074194.98,13996978.57,230434119.4,1749542.16,486862.55999999994,-2299660.42,4698508.22
4773,INVINI,280,41,14.642857142857142,0.0,138265.70000000004,421705.5,924889.5,2500140.25,26103627.800000034,229739021.0,2078434.75,669587.5,-2695946.625,5617792.375
4773,INVFIN,280,43,15.357142857142858,0.0,116902.05000000003,466503.0,1056283.5,2682651.5,27525519.60000003,204017549.0,2216148.5,701573.0,-2857719.75,6006874.25
4773,ROTACION,280,23,8.214285714285714,0.0,623447.1000000001,2219352.5,5165686.0,12953792.5,76062106.67,928352210.0,10734440.0,3767903.0,-13882307.5,29055452.5
4773,INVPRO,280,42,15.0,0.0,148083.05,451085.875,975321.25,2562449.375,24700682.250000063,216878285.0,2111363.5,667821.25,-2715959.375,5729494.625
4773,CTO,280,23,8.214285714285714,0.0,623447.1000000001,2219352.5,5165686.0,12953792.5,76062106.67,928352210.0,10734440.0,3767903.0,-13882307.5,29055452.5
4773,CTOINS,280,23,8.214285714285714,0.0,623447.1000000001,2219352.5,5165686.0,12953792.5,76062106.67,928352210.0,10734440.0,3767903.0,-13882307.5,29055452.5
4773,GASTOS,280,28,10.0,0.0,748787.55,2618698.0,6123862.5,14958665.25,97654546.33,1104794874.0,12339967.25,4371787.0,-15891252.875,33468616.125
4773,GASTOSNOP,280,45,16.071428571428573,0.0,251.00000000000009,21402.25,83090.0,367275.25,7542837.7166500045,133097428.0,345873.0,76639.5,-497407.25,886084.75
4773,GASTOPNOP,280,28,10.0,0.0,1061042.75,3150856.25,7255033.5,18446857.5,157271262.85000068,1374872498.0,15296001.25,5088107.5,-19793145.625,41390859.375
4772,CIMREP,137,0,0.0,0.0,0.0,0.0,0.0,0.0,0.0,0.0,0.0,0.0,0.0,0.0
4772,BRUTA,137,19,13.86861313868613,-243416.0,126223.0,1169927.0,3113638.0,8245313.0,71452977.9999999,157859761.7,7075386.0,2359846.0,-9443152.0,18858392.0
4772,CONSUI,137,20,14.598540145985401,0.0,66671.40000000001,352002.0,1114242.0,3873486.0,35430763.99999997,83371085.5,3521484.0,940771.0,-4930224.0,9155712.0
4772,GAS,137,23,16.78832116788321,0.0,0.0,0.0,0.0,0.0,481.19999999999953,115151.0,0.0,0.0,0.0,0.0
4772,EMPAQUE,137,16,11.678832116788321,0.0,0.0,0.0,10893.0,54964.0,731330.6667,1337495.0,54964.0,10893.0,-82446.0,137410.0
4772,HONORA,137,16,11.678832116788321,0.0,0.0,4600.0,33363.0,207944.0,1422981.0,3268063.0,203344.0,33363.0,-300416.0,512960.0
4772,COMISION,137,29,21.16788321167883,0.0,0.0,0.0,0.0,11541.0,430151.9999999991,2493950.0,11541.0,0.0,-17311.5,28852.5
4772,ARRIENDO,137,19,13.86861313868613,0.0,2400.0000000000023,120340.0,656348.0,1817091.0,7982456.0,22218757.0,1696751.0,598808.0,-2424786.5,4362217.5
4772,SEGURO,137,16,11.678832116788321,0.0,0.0,3272.0,11656.0,49242.0,343474.1999999982,824231.6667,45970.0,11656.0,-65683.0,118197.0
4772,ASEO,137,20,14.598540145985401,0.0,0.0,1821.0,9659.0,28247.0,243979.5999999999,714044.0,26426.0,9659.0,-37818.0,67886.0
4772,ENERGIA,137,14,10.218978102189782,0.0,8776.0,35854.0,124844.0,361156.0,1870904.0,3500467.667,325302.0,102609.0,-452099.0,849109.0
4772,COMUNICA,137,22,16.05839416058394,0.0,722.8000000000001,6948.0,14388.0,40426.0,200315.3999999998,879724.0,33478.0,10686.0,-43269.0,90643.0
4772,PUBLICO,137,16,11.678832116788321,0.0,377.8000000000001,2356.0,5434.0,15600.0,86714.59999999948,167497.3333,13244.0,3827.0,-17510.0,35466.0
4772,FLETES,137,21,15.328467153284672,0.0,0.0,700.0,4724.0,143750.0,1242565.3999999964,5598861.667,143050.0,4724.0,-213875.0,358325.0
4772,PUBLICI,137,23,16.78832116788321,0.0,0.0,456.0,21272.0,134535.0,4092388.5999999964,31082117.67,134079.0,21272.0,-200662.5,335653.5
4772,ADECUA,137,20,14.598540145985401,0.0,0.0,2651.0,32700.0,187795.0,1578570.4665999992,2415861.0,185144.0,31964.0,-275065.0,465511.0
4772,REGALA,137,27,19.708029197080293,0.0,0.0,0.0,0.0,493.0,306083.3999999884,4063654.333,493.0,0.0,-739.5,1232.5
4772,OUTSOURCING,137,21,15.328467153284672,0.0,0.0,0.0,0.0,0.0,494514.99999999587,14539792.33,0.0,0.0,0.0,0.0
4772,OTROS,137,24,17.51824817518248,0.0,316.8000000000003,10496.5,53034.5,183270.0,2599703.833,4079601.0,172773.5,49437.0,-248663.75,442430.25
4772,SUELDOS,137,22,16.05839416058394,0.0,35948.8,241698.0,734400.0,1690312.0,14973478.59999996,29482246.67,1448614.0,533392.0,-1931223.0,3863233.0
4772,PRESTAC,137,21,15.328467153284672,0.0,16503.0,95391.0,272566.0,668286.0,5822746.999999991,8119985.667,572895.0,198389.0,-763951.5,1527628.5
4772,VENTA,137,19,13.86861313868613,0.0,485632.4000000001,2799082.25,7691733.0,18623435.98,148505806.8199997,349446510.7,15824353.73,5564085.0,-20937448.345,42359966.575
4772,AGREGA,137,17,12.408759124087592,-343617.0,53044.20000000001,626384.0,1849430.5,4832074.0,34539420.49999986,88914238.83,4205690.0,1422113.0,-5682151.0,11140609.0
4772,PERREMUN,137,16,11.678832116788321,0.0,2.0,13.0,32.0,77.0,418.3333333,629.0,64.0,20.0,-83.0,173.0
4772,SOCIOS,137,7,5.109489051094891,0.0,0.0,0.0,0.0,1.0,2.1999999999999886,5.0,1.0,0.0,-1.5,2.5
4772,PERSONOM,137,20,14.598540145985401,0.0,0.0,3.0,12.0,48.0,381.46666665999993,508.0,45.0,12.0,-64.5,115.5
4772,DIRECTO,137,13,9.489051094890511,0.0,0.0,0.0,7.0,24.0,85.59999999999997,337.0,24.0,7.0,-36.0,60.0
4772,AGENCIA,137,32,23.357664233576642,0.0,0.0,0.0,0.0,0.0,111.99999999999977,142.3333333,0.0,0.0,0.0,0.0
4772,APRENDIZ,137,12,8.75912408759124,0.0,0.0,0.0,1.0,2.0,9.466666665999973,26.0,2.0,1.0,-3.0,5.0
4772,TOTPERSO,137,18,13.138686131386862,0.0,5.800000000000001,16.0,36.0,80.0,463.1333333399984,745.0,64.0,24.0,-80.0,176.0
4772,PROMUJ,137,19,13.86861313868613,0.0,0.0,0.0,0.0,0.0,1.0,2.0,0.0,0.0,0.0,0.0
4772,PROHOM,137,28,20.437956204379564,0.0,0.0,0.0,0.0,0.0,1.1999999999999886,4.0,0.0,0.0,0.0,0.0
4772,PERMUJ,137,18,13.138686131386862,0.0,0.0,2.0,8.0,30.0,183.7999999999999,330.0,28.0,8.0,-40.0,72.0
4772,PERHOM,137,23,16.78832116788321,0.0,0.0,0.0,5.0,12.0,178.0,220.0,12.0,5.0,-18.0,30.0
4772,DIRMUJ,137,13,9.489051094890511,0.0,0.0,0.0,4.0,16.0,52.599999999999966,274.0,16.0,4.0,-24.0,40.0
4772,DIRHOM,137,9,6.569343065693431,0.0,0.0,0.0,2.0,8.0,29.59999999999991,63.0,8.0,2.0,-12.0,20.0
4772,AGEMUJ,137,32,23.357664233576642,0.0,0.0,0.0,0.0,0.0,61.66666666599985,100.0,0.0,0.0,0.0,0.0
4772,AGEHOM,137,30,21.8978102189781,0.0,0.0,0.0,0.0,0.0,35.93333333399972,81.0,0.0,0.0,0.0,0.0
4772,APRENMUJ,137,12,8.75912408759124,0.0,0.0,0.0,0.0,1.0,7.333333333,18.0,1.0,0.0,-1.5,2.5
4772,APRENHOM,137,10,7.299270072992701,0.0,0.0,0.0,0.0,1.0,4.0,8.0,1.0,0.0,-1.5,2.5
4772,TOTMUJ,137,17,12.408759124087592,0.0,4.0,9.0,21.0,54.0,249.39999999999935,538.0,45.0,15.0,-58.5,121.5
4772,TOTHOM,137,19,13.86861313868613,0.0,0.0,5.0,11.0,25.0,223.19999999999982,290.0,20.0,8.0,-25.0,55.0
4772,SUEPLAN,137,23,16.78832116788321,0.0,0.0,83267.0,299033.0,1268725.0,11564994.599999968,28448999.33,1185458.0,299033.0,-1694920.0,3046912.0
4772,PREPLAN,137,21,15.328467153284672,0.0,9527.000000000002,51147.0,146353.0,367302.0,1989163.5999999978,3665142.667,316155.0,105785.0,-423085.5,841534.5
4772,REMPLAN,137,23,16.78832116788321,0.0,0.0,106371.0,371052.0,1531400.0,13863862.999999957,30260618.33,1425029.0,371052.0,-2031172.5,3668943.5
4772,COTIZA,137,20,14.598540145985401,0.0,6572.360000000001,39745.08,110286.68,280021.84,2326686.2665999928,5290217.867,240276.76,80887.68,-320670.06,640436.98
4772,GASAGEN,137,32,23.357664233576642,0.0,0.0,0.0,0.0,0.0,3393350.7999999956,4322584.0,0.0,0.0,0.0,0.0
4772,REMTEMP,137,14,10.218978102189782,0.0,0.0,0.0,115539.0,434732.0,1485483.7999999938,6493033.0,434732.0,115539.0,-652098.0,1086830.0
4772,TOTREM,137,22,16.05839416058394,0.0,50211.04000000001,303953.08,880576.28,2170144.84,20052436.327999964,36362133.87,1866191.7599999998,643001.04,-2495334.5599999996,4969432.4799999995
4772,INVINI,137,19,13.86861313868613,0.0,4612.800000000004,514000.0,1771441.0,5931034.0,47502412.19999995,108606117.7,5417034.0,1485831.0,-7611551.0,14056585.0
4772,INVFIN,137,22,16.05839416058394,0.0,0.0,623860.0,1635000.0,4829817.0,44897928.99999984,102121538.7,4205957.0,1482000.0,-5685075.5,11138752.5
4772,ROTACION,137,23,16.78832116788321,0.0,34432.00000000003,1518910.0,4463077.0,10584025.0,76471511.79999979,191586749.0,9065115.0,3272655.0,-12078762.5,24181697.5
4772,INVPRO,137,19,13.86861313868613,0.0,6924.000000000006,561588.5,1689313.5,5136288.5,46200170.5999999,105363828.2,4574700.0,1513044.5,-6300461.5,11998338.5
4772,CTO,137,21,15.328467153284672,0.0,297336.60000000003,1870411.0,4888424.0,11043694.0,76471511.79999979,191586749.0,9173283.0,3567986.0,-11889513.5,24803618.5
4772,CTOINS,137,21,15.328467153284672,0.0,297336.60000000003,1870411.0,4888424.0,11043694.0,76471511.79999979,191586749.0,9173283.0,3567986.0,-11889513.5,24803618.5
4772,GASTOS,137,22,16.05839416058394,0.0,425270.00000000006,2360005.0,5727011.0,14432504.0,117798972.39999992,261974435.3,12072499.0,4283058.0,-15748743.5,32541252.5
4772,GASTOSNOP,137,21,15.328467153284672,0.0,545.6,31612.0,162043.0,752666.0,4897265.599999992,23249660.33,721054.0,147095.0,-1049969.0,1834247.0
4772,GASTOPNOP,137,20,14.598540145985401,0.0,635962.4,3058853.0,7552933.0,18219199.0,145778309.39999983,310872859.3,15160346.0,5237063.0,-19681666.0,40959718.0
4719,CIMREP,37,0,0.0,0.0,0.0,0.0,0.0,0.0,0.0,0.0,0.0,0.0,0.0,0.0
4719,BRUTA,37,7,18.91891891891892,0.0,253473.0,927086.0,3437955.0,26797170.0,896531602.3,1216937861.0,25870084.0,2881439.0,-37878040.0,65602296.0
4719,CONSUI,37,5,13.513513513513514,0.0,75311.3,261522.5,730462.5,29753183.0,418733225.3,461096059.5,29491660.5,610230.5,-43975968.25,73990673.75
4719,GAS,37,6,16.216216216216218,0.0,0.0,0.0,0.0,0.0,157230.6667,157230.6667,0.0,0.0,0.0,0.0
4719,EMPAQUE,37,6,16.216216216216218,0.0,0.0,0.0,3240.0,125541.0,4792538.7999999495,20054711.0,125541.0,3240.0,-188311.5,313852.5
4719,HONORA,37,8,21.62162162162162,0.0,0.0,1670.0,40500.0,396464.0,15335218.67,15335218.67,394794.0,40500.0,-590521.0,988655.0
4719,COMISION,37,9,24.324324324324323,0.0,0.0,0.0,0.0,0.0,24587027.33,24587027.33,0.0,0.0,0.0,0.0
4719,ARRIENDO,37,6,16.216216216216218,0.0,0.0,54396.0,162580.0,7818857.0,57177581.33,165235652.0,7764461.0,152164.0,-11592295.5,19465548.5
4719,SEGURO,37,9,24.324324324324323,0.0,0.0,0.0,13498.0,96390.0,4847108.667,9945026.0,96390.0,13498.0,-144585.0,240975.0
4719,ASEO,37,7,18.91891891891892,0.0,0.0,0.0,12028.0,312499.0,13793165.33,26419175.0,312499.0,12028.0,-468748.5,781247.5
4719,ENERGIA,37,8,21.62162162162162,0.0,2020.0,21085.0,72735.0,808441.0,27900417.0,53192501.0,787356.0,70235.0,-1159949.0,1989475.0
4719,COMUNICA,37,5,13.513513513513514,0.0,1211.0,5400.0,13425.0,383074.0,6544067.0,7087377.0,377674.0,10754.0,-561111.0,949585.0
4719,PUBLICO,37,8,21.62162162162162,0.0,316.8,1521.0,4592.0,40607.0,1127116.667,1258778.0,39086.0,4118.0,-57108.0,99236.0
4719,FLETES,37,5,13.513513513513514,0.0,0.0,0.0,31390.0,929838.0,64518236.67,83446095.0,929838.0,31390.0,-1394757.0,2324595.0
4719,PUBLICI,37,8,21.62162162162162,0.0,0.0,0.0,12585.0,656613.0,58633246.0,58633246.0,656613.0,12585.0,-984919.5,1641532.5
4719,ADECUA,37,7,18.91891891891892,0.0,0.0,3630.0,67433.0,457584.0,25488183.33,27047893.0,453954.0,67433.0,-677301.0,1138515.0
4719,REGALA,37,7,18.91891891891892,0.0,0.0,0.0,0.0,294.0,146155.0,287571.0,294.0,0.0,-441.0,735.0
4719,OUTSOURCING,37,9,24.324324324324323,0.0,0.0,0.0,0.0,5931.0,18105820.0,49390708.0,5931.0,0.0,-8896.5,14827.5
4719,OTROS,37,8,21.62162162162162,0.0,885.7,7050.5,40445.5,545157.5,27016051.33,27016051.33,538107.0,39457.0,-800110.0,1352318.0
4719,SUELDOS,37,4,10.81081081081081,0.0,19200.0,343490.0,707168.0,11628476.0,194643293.3,194643293.3,11284986.0,513772.0,-16583989.0,28555955.0
4719,PRESTAC,37,4,10.81081081081081,0.0,3172.8,159166.0,282705.0,4375230.0,96369429.0,96369429.0,4216064.0,204137.0,-6164930.0,10699326.0
4719,VENTA,37,6,16.216216216216218,0.0,817970.8,3898572.158,15106002.0,97318455.0,4320287513.0,4320287513.0,93419882.84200001,12797124.0,-136231252.10500002,237448279.263
4719,AGREGA,37,10,27.027027027027028,-21322404.0,-12017.499999999998,561146.5,2309369.0,5729129.0,477798377.0,755841801.5,5167982.5,1964114.5,-7190827.25,13481102.75
4719,PERREMUN,37,6,16.216216216216218,0.0,0.8,18.0,31.0,237.0,5339.0,5339.0,219.0,19.0,-310.5,565.5
4719,SOCIOS,37,4,10.81081081081081,0.0,0.0,0.0,0.0,0.0,1.0,2.0,0.0,0.0,0.0,0.0
4719,PERSONOM,37,7,18.91891891891892,0.0,0.0,0.0,13.0,119.0,5303.0,5303.0,119.0,13.0,-178.5,297.5
4719,DIRECTO,37,6,16.216216216216218,0.0,0.0,0.0,12.0,29.0,218.59999999999974,563.0,29.0,12.0,-43.5,72.5
4719,AGENCIA,37,8,21.62162162162162,0.0,0.0,0.0,0.0,3.0,396.6666667,396.6666667,3.0,0.0,-4.5,7.5
4719,APRENDIZ,37,8,21.62162162162162,0.0,0.0,0.0,1.0,4.0,195.3333333,195.3333333,4.0,1.0,-6.0,10.0
4719,TOTPERSO,37,8,21.62162162162162,0.0,5.0,19.0,32.0,239.0,5931.0,5931.0,220.0,20.0,-311.0,569.0
4719,PROMUJ,37,1,2.7027027027027026,0.0,0.0,0.0,0.0,0.0,0.0,1.0,0.0,0.0,0.0,0.0
4719,PROHOM,37,4,10.81081081081081,0.0,0.0,0.0,0.0,0.0,1.0,1.0,0.0,0.0,0.0,0.0
4719,PERMUJ,37,7,18.91891891891892,0.0,0.0,0.0,8.0,84.0,2689.333333,2689.333333,84.0,8.0,-126.0,210.0
4719,PERHOM,37,9,24.324324324324323,0.0,0.0,0.0,5.0,35.0,2613.666667,2613.666667,35.0,5.0,-52.5,87.5
4719,DIRMUJ,37,5,13.513513513513514,0.0,0.0,0.0,3.0,16.0,117.99999999999979,303.0,16.0,3.0,-24.0,40.0
4719,DIRHOM,37,3,8.108108108108109,0.0,0.0,0.0,7.0,20.0,100.59999999999994,260.0,20.0,7.0,-30.0,50.0
4719,AGEMUJ,37,9,24.324324324324323,0.0,0.0,0.0,0.0,0.0,219.0,219.0,0.0,0.0,0.0,0.0
4719,AGEHOM,37,8,21.62162162162162,0.0,0.0,0.0,0.0,0.0,177.6666667,177.6666667,0.0,0.0,0.0,0.0
4719,APRENMUJ,37,8,21.62162162162162,0.0,0.0,0.0,1.0,2.0,122.3333333,122.3333333,2.0,1.0,-3.0,5.0
4719,APRENHOM,37,8,21.62162162162162,0.0,0.0,0.0,1.0,1.0,73.0,73.0,1.0,1.0,-1.5,2.5
4719,TOTMUJ,37,8,21.62162162162162,0.0,2.8,9.0,17.0,126.0,3046.666667,3046.666667,117.0,12.0,-166.5,301.5
4719,TOTHOM,37,7,18.91891891891892,0.0,1.8,7.0,20.0,109.0,2884.333333,2884.333333,102.0,17.0,-146.0,262.0
4719,SUEPLAN,37,9,24.324324324324323,0.0,0.0,0.0,321497.0,4130467.0,191317951.7,191317951.7,4130467.0,321497.0,-6195700.5,10326167.5
4719,PREPLAN,37,5,13.513513513513514,0.0,0.0,72727.0,150596.0,2154539.0,60050162.67,60050162.67,2081812.0,113988.0,-3049991.0,5277257.0
4719,REMPLAN,37,9,24.324324324324323,0.0,0.0,0.0,401505.0,4994808.0,251074924.7,251074924.7,4994808.0,401505.0,-7492212.0,12487020.0
4719,COTIZA,37,4,10.81081081081081,0.0,2742.7200000000003,55681.16,118017.72,1906359.48,31373235.64,31373235.64,1850678.32,90251.72,-2720336.32,4682376.96
4719,GASAGEN,37,8,21.62162162162162,0.0,0.0,0.0,0.0,74880.0,14029437.0,14029437.0,74880.0,0.0,-112320.0,187200.0
4719,REMTEMP,37,3,8.108108108108109,0.0,0.0,0.0,193396.0,885769.3333,5193433.19999999,16737037.0,885769.3333,193396.0,-1328653.99995,2214423.33325
4719,TOTREM,37,4,10.81081081081081,0.0,21942.72,411290.72,897711.72,15729894.56,283333929.6,283333929.6,15318603.84,676549.72,-22566615.04,38707800.32
4719,INVINI,37,5,13.513513513513514,0.0,203743.40000000002,1581268.0,2864028.0,26423448.0,648320590.0,650062259.0,24842180.0,2336290.0,-35682002.0,63686718.0
4719,INVFIN,37,9,24.324324324324323,0.0,323882.2,1773175.0,2564495.0,11710672.0,677716542.0,677716542.0,9937497.0,2211070.0,-13133070.5,26616917.5
4719,ROTACION,37,4,10.81081081081081,0.0,520390.2,2577907.0,10725665.0,70521285.0,3423755911.0,3423755911.0,67943378.0,9247425.0,-99337160.0,172436352.0
4719,INVPRO,37,7,18.91891891891892,0.0,303306.0,1677221.5,3050716.5,16515305.5,663018566.0,663018566.0,14838084.0,2450716.5,-20579904.5,38772431.5
4719,CTO,37,4,10.81081081081081,0.0,520390.2,2577907.0,10725665.0,70521285.0,3423755911.0,3423755911.0,67943378.0,9247425.0,-99337160.0,172436352.0
4719,CTOINS,37,4,10.81081081081081,0.0,520390.2,2577907.0,10725665.0,70521285.0,3423755911.0,3423755911.0,67943378.0,9247425.0,-99337160.0,172436352.0
4719,GASTOS,37,4,10.81081081081081,0.0,637814.4,2860479.0,12302000.0,117759249.0,3845613872.0,3845613872.0,114898770.0,10602520.0,-169487676.0,290107404.0
4719,GASTOSNOP,37,8,21.62162162162162,0.0,2004.0,24277.0,253880.0,4815835.0,92169336.0,139814887.0,4791558.0,249494.0,-7163060.0,12003172.0
4719,GASTOPNOP,37,4,10.81081081081081,0.0,807614.4,3769581.0,13640028.0,158424072.0,4260235891.0,4260235891.0,154654491.0,11634368.0,-228212155.5,390405808.5
